year,district,contact_type_cd,age_group,a_count
2016,1,GANGLTR,19-30,7
2016,1,GANGLTR,30-40,5
2016,1,GANGLTR,40-50,3
2016,1,GANGLTR,50-60,3
2016,1,INVSTG,19-30,441
2016,1,INVSTG,30-40,256
2016,1,INVSTG,40-50,252
2016,1,INVSTG,50-60,262
2016,1,INVSTG,60 or older,67
2016,1,INVSTG,Juvenile,208
2016,2,GANGLTR,19-30,95
2016,2,GANGLTR,30-40,14
2016,2,GANGLTR,40-50,29
2016,2,GANGLTR,50-60,14
2016,2,GANGLTR,60 or older,7
2016,2,GANGLTR,Juvenile,102
2016,2,INVSTG,19-30,1672
2016,2,INVSTG,30-40,813
2016,2,INVSTG,40-50,756
2016,2,INVSTG,50-60,830
2016,2,INVSTG,60 or older,234
2016,2,INVSTG,Juvenile,988
2016,3,GANGLTR,19-30,256
2016,3,GANGLTR,30-40,74
2016,3,GANGLTR,40-50,32
2016,3,GANGLTR,50-60,17
2016,3,GANGLTR,60 or older,6
2016,3,GANGLTR,Juvenile,140
2016,3,INVSTG,19-30,1795
2016,3,INVSTG,30-40,652
2016,3,INVSTG,40-50,416
2016,3,INVSTG,50-60,298
2016,3,INVSTG,60 or older,78
2016,3,INVSTG,Juvenile,1088
2016,4,GANGLTR,19-30,178
2016,4,GANGLTR,30-40,57
2016,4,GANGLTR,40-50,56
2016,4,GANGLTR,50-60,38
2016,4,GANGLTR,60 or older,4
2016,4,GANGLTR,Juvenile,81
2016,4,INVSTG,19-30,2564
2016,4,INVSTG,30-40,847
2016,4,INVSTG,40-50,694
2016,4,INVSTG,50-60,658
2016,4,INVSTG,60 or older,129
2016,4,INVSTG,Juvenile,1428
2016,5,GANGLTR,19-30,102
2016,5,GANGLTR,30-40,30
2016,5,GANGLTR,40-50,31
2016,5,GANGLTR,50-60,18
2016,5,GANGLTR,60 or older,6
2016,5,GANGLTR,Juvenile,33
2016,5,INVSTG,19-30,1935
2016,5,INVSTG,30-40,625
2016,5,INVSTG,40-50,391
2016,5,INVSTG,50-60,333
2016,5,INVSTG,60 or older,84
2016,5,INVSTG,Juvenile,876
2016,6,GANGLTR,19-30,103
2016,6,GANGLTR,30-40,27
2016,6,GANGLTR,40-50,30
2016,6,GANGLTR,50-60,36
2016,6,GANGLTR,60 or older,6
2016,6,GANGLTR,Juvenile,28
2016,6,INVSTG,19-30,1794
2016,6,INVSTG,30-40,649
2016,6,INVSTG,40-50,423
2016,6,INVSTG,50-60,406
2016,6,INVSTG,60 or older,97
2016,6,INVSTG,Juvenile,1095
2016,7,GANGLTR,19-30,60
2016,7,GANGLTR,30-40,36
2016,7,GANGLTR,40-50,21
2016,7,GANGLTR,50-60,12
2016,7,GANGLTR,Juvenile,29
2016,7,INVSTG,19-30,3706
2016,7,INVSTG,30-40,1235
2016,7,INVSTG,40-50,779
2016,7,INVSTG,50-60,673
2016,7,INVSTG,60 or older,162
2016,7,INVSTG,Juvenile,1642
2016,8,GANGLTR,19-30,238
2016,8,GANGLTR,30-40,40
2016,8,GANGLTR,40-50,15
2016,8,GANGLTR,50-60,10
2016,8,GANGLTR,60 or older,6
2016,8,GANGLTR,Juvenile,170
2016,8,INVSTG,19-30,2290
2016,8,INVSTG,30-40,787
2016,8,INVSTG,40-50,435
2016,8,INVSTG,50-60,282
2016,8,INVSTG,60 or older,82
2016,8,INVSTG,Juvenile,2227
2016,9,GANGLTR,19-30,194
2016,9,GANGLTR,30-40,39
2016,9,GANGLTR,40-50,16
2016,9,GANGLTR,50-60,4
2016,9,GANGLTR,60 or older,4
2016,9,GANGLTR,Juvenile,200
2016,9,INVSTG,19-30,3265
2016,9,INVSTG,30-40,1056
2016,9,INVSTG,40-50,564
2016,9,INVSTG,50-60,462
2016,9,INVSTG,60 or older,121
2016,9,INVSTG,Juvenile,2374
2016,10,GANGLTR,19-30,293
2016,10,GANGLTR,30-40,26
2016,10,GANGLTR,40-50,64
2016,10,GANGLTR,50-60,47
2016,10,GANGLTR,60 or older,20
2016,10,GANGLTR,Juvenile,280
2016,10,INVSTG,19-30,2955
2016,10,INVSTG,30-40,1137
2016,10,INVSTG,40-50,770
2016,10,INVSTG,50-60,628
2016,10,INVSTG,60 or older,202
2016,10,INVSTG,Juvenile,1558
2016,11,GANGLTR,19-30,422
2016,11,GANGLTR,30-40,107
2016,11,GANGLTR,40-50,89
2016,11,GANGLTR,50-60,138
2016,11,GANGLTR,60 or older,36
2016,11,GANGLTR,Juvenile,186
2016,11,INVSTG,19-30,4412
2016,11,INVSTG,30-40,1901
2016,11,INVSTG,40-50,1667
2016,11,INVSTG,50-60,1602
2016,11,INVSTG,60 or older,369
2016,11,INVSTG,Juvenile,1775
2016,12,GANGLTR,19-30,206
2016,12,GANGLTR,30-40,87
2016,12,GANGLTR,40-50,44
2016,12,GANGLTR,50-60,28
2016,12,GANGLTR,60 or older,2
2016,12,GANGLTR,Juvenile,105
2016,12,INVSTG,19-30,1436
2016,12,INVSTG,30-40,627
2016,12,INVSTG,40-50,497
2016,12,INVSTG,50-60,415
2016,12,INVSTG,60 or older,117
2016,12,INVSTG,Juvenile,836
2016,14,GANGLTR,19-30,113
2016,14,GANGLTR,30-40,36
2016,14,GANGLTR,40-50,6
2016,14,GANGLTR,50-60,2
2016,14,GANGLTR,60 or older,2
2016,14,GANGLTR,Juvenile,37
2016,14,INVSTG,19-30,766
2016,14,INVSTG,30-40,276
2016,14,INVSTG,40-50,137
2016,14,INVSTG,50-60,100
2016,14,INVSTG,60 or older,31
2016,14,INVSTG,Juvenile,454
2016,15,GANGLTR,19-30,331
2016,15,GANGLTR,30-40,59
2016,15,GANGLTR,40-50,39
2016,15,GANGLTR,50-60,37
2016,15,GANGLTR,60 or older,10
2016,15,GANGLTR,Juvenile,157
2016,15,INVSTG,19-30,2488
2016,15,INVSTG,30-40,957
2016,15,INVSTG,40-50,753
2016,15,INVSTG,50-60,777
2016,15,INVSTG,60 or older,225
2016,15,INVSTG,Juvenile,1037
2016,16,INVSTG,19-30,896
2016,16,INVSTG,30-40,494
2016,16,INVSTG,40-50,472
2016,16,INVSTG,50-60,479
2016,16,INVSTG,60 or older,190
2016,16,INVSTG,Juvenile,464
2016,17,GANGLTR,19-30,9
2016,17,GANGLTR,40-50,2
2016,17,INVSTG,19-30,933
2016,17,INVSTG,30-40,299
2016,17,INVSTG,40-50,204
2016,17,INVSTG,50-60,118
2016,17,INVSTG,60 or older,29
2016,17,INVSTG,Juvenile,528
2016,18,GANGLTR,19-30,158
2016,18,GANGLTR,30-40,95
2016,18,GANGLTR,40-50,118
2016,18,GANGLTR,50-60,96
2016,18,GANGLTR,60 or older,23
2016,18,GANGLTR,Juvenile,37
2016,18,INVSTG,19-30,468
2016,18,INVSTG,30-40,241
2016,18,INVSTG,40-50,200
2016,18,INVSTG,50-60,191
2016,18,INVSTG,60 or older,45
2016,18,INVSTG,Juvenile,308
2016,19,GANGLTR,19-30,14
2016,19,GANGLTR,30-40,3
2016,19,GANGLTR,40-50,1
2016,19,GANGLTR,50-60,2
2016,19,GANGLTR,Juvenile,30
2016,19,INVSTG,19-30,1118
2016,19,INVSTG,30-40,389
2016,19,INVSTG,40-50,309
2016,19,INVSTG,50-60,341
2016,19,INVSTG,60 or older,80
2016,19,INVSTG,Juvenile,467
2016,20,GANGLTR,19-30,18
2016,20,GANGLTR,30-40,15
2016,20,GANGLTR,40-50,7
2016,20,GANGLTR,50-60,26
2016,20,GANGLTR,60 or older,6
2016,20,GANGLTR,Juvenile,11
2016,20,INVSTG,19-30,529
2016,20,INVSTG,30-40,262
2016,20,INVSTG,40-50,179
2016,20,INVSTG,50-60,194
2016,20,INVSTG,60 or older,56
2016,20,INVSTG,Juvenile,524
2016,22,GANGLTR,19-30,21
2016,22,GANGLTR,30-40,10
2016,22,GANGLTR,40-50,23
2016,22,GANGLTR,50-60,16
2016,22,GANGLTR,60 or older,4
2016,22,GANGLTR,Juvenile,4
2016,22,INVSTG,19-30,883
2016,22,INVSTG,30-40,241
2016,22,INVSTG,40-50,151
2016,22,INVSTG,50-60,148
2016,22,INVSTG,60 or older,39
2016,22,INVSTG,Juvenile,785
2016,24,GANGLTR,19-30,96
2016,24,GANGLTR,30-40,18
2016,24,GANGLTR,40-50,5
2016,24,GANGLTR,Juvenile,70
2016,24,INVSTG,19-30,1846
2016,24,INVSTG,30-40,615
2016,24,INVSTG,40-50,365
2016,24,INVSTG,50-60,234
2016,24,INVSTG,60 or older,77
2016,24,INVSTG,Juvenile,668
2016,25,GANGLTR,19-30,136
2016,25,GANGLTR,30-40,35
2016,25,GANGLTR,40-50,37
2016,25,GANGLTR,50-60,22
2016,25,GANGLTR,60 or older,3
2016,25,GANGLTR,Juvenile,38
2016,25,INVSTG,19-30,2120
2016,25,INVSTG,30-40,794
2016,25,INVSTG,40-50,520
2016,25,INVSTG,50-60,337
2016,25,INVSTG,60 or older,81
2016,25,INVSTG,Juvenile,1347
2016,31,GANGLTR,19-30,4
2016,31,GANGLTR,30-40,1
2016,31,GANGLTR,Juvenile,3
2016,31,INVSTG,19-30,177
2016,31,INVSTG,30-40,68
2016,31,INVSTG,40-50,39
2016,31,INVSTG,50-60,38
2016,31,INVSTG,60 or older,7
2016,31,INVSTG,Juvenile,82
2016,41,INVSTG,19-30,12
2016,41,INVSTG,30-40,3
2016,41,INVSTG,40-50,4
2016,41,INVSTG,Juvenile,8
2016,51,INVSTG,30-40,1
2017,1,INVSTG,19-30,697
2017,1,INVSTG,30-40,319
2017,1,INVSTG,40-50,260
2017,1,INVSTG,50-60,279
2017,1,INVSTG,60 or older,76
2017,1,INVSTG,Juvenile,313
2017,2,GANGLTR,19-30,133
2017,2,GANGLTR,30-40,21
2017,2,GANGLTR,40-50,27
2017,2,GANGLTR,50-60,16
2017,2,GANGLTR,60 or older,4
2017,2,GANGLTR,Juvenile,67
2017,2,INVSTG,19-30,1186
2017,2,INVSTG,30-40,598
2017,2,INVSTG,40-50,669
2017,2,INVSTG,50-60,833
2017,2,INVSTG,60 or older,263
2017,2,INVSTG,Juvenile,616
2017,3,GANGLTR,19-30,217
2017,3,GANGLTR,30-40,53
2017,3,GANGLTR,40-50,13
2017,3,GANGLTR,50-60,14
2017,3,GANGLTR,60 or older,4
2017,3,GANGLTR,Juvenile,137
2017,3,INVSTG,19-30,1849
2017,3,INVSTG,30-40,681
2017,3,INVSTG,40-50,381
2017,3,INVSTG,50-60,331
2017,3,INVSTG,60 or older,96
2017,3,INVSTG,Juvenile,945
2017,4,GANGLTR,19-30,276
2017,4,GANGLTR,30-40,110
2017,4,GANGLTR,40-50,127
2017,4,GANGLTR,50-60,99
2017,4,GANGLTR,60 or older,18
2017,4,GANGLTR,Juvenile,120
2017,4,INVSTG,19-30,3827
2017,4,INVSTG,30-40,1357
2017,4,INVSTG,40-50,920
2017,4,INVSTG,50-60,794
2017,4,INVSTG,60 or older,246
2017,4,INVSTG,Juvenile,1918
2017,5,GANGLTR,19-30,88
2017,5,GANGLTR,30-40,44
2017,5,GANGLTR,40-50,36
2017,5,GANGLTR,50-60,40
2017,5,GANGLTR,60 or older,18
2017,5,GANGLTR,Juvenile,15
2017,5,INVSTG,19-30,2036
2017,5,INVSTG,30-40,689
2017,5,INVSTG,40-50,480
2017,5,INVSTG,50-60,385
2017,5,INVSTG,60 or older,119
2017,5,INVSTG,Juvenile,1005
2017,6,GANGLTR,19-30,551
2017,6,GANGLTR,30-40,247
2017,6,GANGLTR,40-50,128
2017,6,GANGLTR,50-60,162
2017,6,GANGLTR,60 or older,35
2017,6,GANGLTR,Juvenile,111
2017,6,INVSTG,19-30,2867
2017,6,INVSTG,30-40,968
2017,6,INVSTG,40-50,499
2017,6,INVSTG,50-60,489
2017,6,INVSTG,60 or older,143
2017,6,INVSTG,Juvenile,1121
2017,7,GANGLTR,19-30,55
2017,7,GANGLTR,30-40,38
2017,7,GANGLTR,40-50,24
2017,7,GANGLTR,50-60,14
2017,7,GANGLTR,60 or older,1
2017,7,GANGLTR,Juvenile,13
2017,7,INVSTG,19-30,3843
2017,7,INVSTG,30-40,1356
2017,7,INVSTG,40-50,701
2017,7,INVSTG,50-60,535
2017,7,INVSTG,60 or older,117
2017,7,INVSTG,Juvenile,1694
2017,8,GANGLTR,19-30,457
2017,8,GANGLTR,30-40,79
2017,8,GANGLTR,40-50,21
2017,8,GANGLTR,50-60,17
2017,8,GANGLTR,60 or older,1
2017,8,GANGLTR,Juvenile,187
2017,8,INVSTG,19-30,2311
2017,8,INVSTG,30-40,754
2017,8,INVSTG,40-50,480
2017,8,INVSTG,50-60,266
2017,8,INVSTG,60 or older,71
2017,8,INVSTG,Juvenile,1550
2017,9,GANGLTR,19-30,57
2017,9,GANGLTR,30-40,7
2017,9,GANGLTR,40-50,2
2017,9,GANGLTR,Juvenile,49
2017,9,INVSTG,19-30,3044
2017,9,INVSTG,30-40,1040
2017,9,INVSTG,40-50,700
2017,9,INVSTG,50-60,441
2017,9,INVSTG,60 or older,126
2017,9,INVSTG,Juvenile,1680
2017,10,GANGLTR,19-30,108
2017,10,GANGLTR,30-40,23
2017,10,GANGLTR,40-50,14
2017,10,GANGLTR,50-60,11
2017,10,GANGLTR,60 or older,2
2017,10,GANGLTR,Juvenile,86
2017,10,INVSTG,19-30,3110
2017,10,INVSTG,30-40,1071
2017,10,INVSTG,40-50,617
2017,10,INVSTG,50-60,573
2017,10,INVSTG,60 or older,145
2017,10,INVSTG,Juvenile,1760
2017,11,GANGLTR,19-30,327
2017,11,GANGLTR,30-40,76
2017,11,GANGLTR,40-50,42
2017,11,GANGLTR,50-60,27
2017,11,GANGLTR,60 or older,4
2017,11,GANGLTR,Juvenile,105
2017,11,INVSTG,19-30,3670
2017,11,INVSTG,30-40,1619
2017,11,INVSTG,40-50,1218
2017,11,INVSTG,50-60,961
2017,11,INVSTG,60 or older,243
2017,11,INVSTG,Juvenile,1335
2017,12,GANGLTR,19-30,215
2017,12,GANGLTR,30-40,66
2017,12,GANGLTR,40-50,40
2017,12,GANGLTR,50-60,41
2017,12,GANGLTR,60 or older,6
2017,12,GANGLTR,Juvenile,107
2017,12,INVSTG,19-30,1322
2017,12,INVSTG,30-40,539
2017,12,INVSTG,40-50,437
2017,12,INVSTG,50-60,390
2017,12,INVSTG,60 or older,137
2017,12,INVSTG,Juvenile,796
2017,14,GANGLTR,19-30,15
2017,14,GANGLTR,60 or older,1
2017,14,GANGLTR,Juvenile,18
2017,14,INVSTG,19-30,938
2017,14,INVSTG,30-40,334
2017,14,INVSTG,40-50,199
2017,14,INVSTG,50-60,137
2017,14,INVSTG,60 or older,49
2017,14,INVSTG,Juvenile,549
2017,15,GANGLTR,19-30,206
2017,15,GANGLTR,30-40,64
2017,15,GANGLTR,40-50,24
2017,15,GANGLTR,50-60,12
2017,15,GANGLTR,60 or older,6
2017,15,GANGLTR,Juvenile,102
2017,15,INVSTG,19-30,2650
2017,15,INVSTG,30-40,1079
2017,15,INVSTG,40-50,664
2017,15,INVSTG,50-60,544
2017,15,INVSTG,60 or older,163
2017,15,INVSTG,Juvenile,1084
2017,16,GANGLTR,Juvenile,3
2017,16,INVSTG,19-30,834
2017,16,INVSTG,30-40,385
2017,16,INVSTG,40-50,293
2017,16,INVSTG,50-60,255
2017,16,INVSTG,60 or older,98
2017,16,INVSTG,Juvenile,645
2017,17,INVSTG,19-30,710
2017,17,INVSTG,30-40,252
2017,17,INVSTG,40-50,200
2017,17,INVSTG,50-60,191
2017,17,INVSTG,60 or older,44
2017,17,INVSTG,Juvenile,544
2017,18,GANGLTR,19-30,99
2017,18,GANGLTR,30-40,68
2017,18,GANGLTR,40-50,82
2017,18,GANGLTR,50-60,89
2017,18,GANGLTR,60 or older,20
2017,18,GANGLTR,Juvenile,21
2017,18,INVSTG,19-30,666
2017,18,INVSTG,30-40,331
2017,18,INVSTG,40-50,337
2017,18,INVSTG,50-60,286
2017,18,INVSTG,60 or older,79
2017,18,INVSTG,Juvenile,438
2017,19,GANGLTR,19-30,110
2017,19,GANGLTR,30-40,12
2017,19,GANGLTR,40-50,4
2017,19,GANGLTR,50-60,5
2017,19,GANGLTR,Juvenile,112
2017,19,INVSTG,19-30,1189
2017,19,INVSTG,30-40,435
2017,19,INVSTG,40-50,331
2017,19,INVSTG,50-60,324
2017,19,INVSTG,60 or older,91
2017,19,INVSTG,Juvenile,544
2017,20,GANGLTR,19-30,35
2017,20,GANGLTR,30-40,52
2017,20,GANGLTR,40-50,17
2017,20,GANGLTR,50-60,48
2017,20,GANGLTR,60 or older,3
2017,20,GANGLTR,Juvenile,8
2017,20,INVSTG,19-30,708
2017,20,INVSTG,30-40,378
2017,20,INVSTG,40-50,255
2017,20,INVSTG,50-60,285
2017,20,INVSTG,60 or older,98
2017,20,INVSTG,Juvenile,429
2017,22,GANGLTR,19-30,4
2017,22,GANGLTR,30-40,4
2017,22,GANGLTR,40-50,12
2017,22,GANGLTR,50-60,11
2017,22,GANGLTR,60 or older,11
2017,22,INVSTG,19-30,947
2017,22,INVSTG,30-40,290
2017,22,INVSTG,40-50,178
2017,22,INVSTG,50-60,177
2017,22,INVSTG,60 or older,45
2017,22,INVSTG,Juvenile,661
2017,24,GANGLTR,19-30,34
2017,24,GANGLTR,30-40,6
2017,24,GANGLTR,50-60,1
2017,24,GANGLTR,Juvenile,8
2017,24,INVSTG,19-30,1483
2017,24,INVSTG,30-40,677
2017,24,INVSTG,40-50,373
2017,24,INVSTG,50-60,312
2017,24,INVSTG,60 or older,119
2017,24,INVSTG,Juvenile,853
2017,25,GANGLTR,19-30,241
2017,25,GANGLTR,30-40,34
2017,25,GANGLTR,40-50,23
2017,25,GANGLTR,50-60,26
2017,25,GANGLTR,60 or older,8
2017,25,GANGLTR,Juvenile,61
2017,25,INVSTG,19-30,2070
2017,25,INVSTG,30-40,946
2017,25,INVSTG,40-50,709
2017,25,INVSTG,50-60,438
2017,25,INVSTG,60 or older,114
2017,25,INVSTG,Juvenile,1123
2017,31,INVSTG,19-30,99
2017,31,INVSTG,30-40,33
2017,31,INVSTG,40-50,14
2017,31,INVSTG,50-60,5
2017,31,INVSTG,60 or older,1
2017,31,INVSTG,Juvenile,33
2017,41,INVSTG,19-30,3
2017,41,INVSTG,30-40,1
2018,1,GANGLTR,19-30,1
2018,1,GANGLTR,30-40,3
2018,1,GANGLTR,40-50,1
2018,1,INVSTG,19-30,1566
2018,1,INVSTG,30-40,877
2018,1,INVSTG,40-50,780
2018,1,INVSTG,50-60,818
2018,1,INVSTG,60 or older,266
2018,1,INVSTG,Juvenile,535
2018,2,GANGLTR,19-30,71
2018,2,GANGLTR,30-40,31
2018,2,GANGLTR,40-50,43
2018,2,GANGLTR,50-60,47
2018,2,GANGLTR,60 or older,14
2018,2,GANGLTR,Juvenile,42
2018,2,INVSTG,19-30,1340
2018,2,INVSTG,30-40,687
2018,2,INVSTG,40-50,810
2018,2,INVSTG,50-60,962
2018,2,INVSTG,60 or older,322
2018,2,INVSTG,Juvenile,801
2018,3,GANGLTR,19-30,244
2018,3,GANGLTR,30-40,51
2018,3,GANGLTR,40-50,20
2018,3,GANGLTR,50-60,14
2018,3,GANGLTR,60 or older,7
2018,3,GANGLTR,Juvenile,100
2018,3,INVSTG,19-30,1972
2018,3,INVSTG,30-40,777
2018,3,INVSTG,40-50,378
2018,3,INVSTG,50-60,286
2018,3,INVSTG,60 or older,97
2018,3,INVSTG,Juvenile,913
2018,4,GANGLTR,19-30,359
2018,4,GANGLTR,30-40,171
2018,4,GANGLTR,40-50,202
2018,4,GANGLTR,50-60,121
2018,4,GANGLTR,60 or older,39
2018,4,GANGLTR,Juvenile,185
2018,4,INVSTG,19-30,4379
2018,4,INVSTG,30-40,1550
2018,4,INVSTG,40-50,1009
2018,4,INVSTG,50-60,763
2018,4,INVSTG,60 or older,259
2018,4,INVSTG,Juvenile,1533
2018,5,GANGLTR,19-30,73
2018,5,GANGLTR,30-40,30
2018,5,GANGLTR,40-50,49
2018,5,GANGLTR,50-60,70
2018,5,GANGLTR,60 or older,37
2018,5,GANGLTR,Juvenile,16
2018,5,INVSTG,19-30,2840
2018,5,INVSTG,30-40,1014
2018,5,INVSTG,40-50,687
2018,5,INVSTG,50-60,714
2018,5,INVSTG,60 or older,202
2018,5,INVSTG,Juvenile,1107
2018,6,GANGLTR,19-30,230
2018,6,GANGLTR,30-40,118
2018,6,GANGLTR,40-50,115
2018,6,GANGLTR,50-60,94
2018,6,GANGLTR,60 or older,12
2018,6,GANGLTR,Juvenile,66
2018,6,INVSTG,19-30,3616
2018,6,INVSTG,30-40,1204
2018,6,INVSTG,40-50,685
2018,6,INVSTG,50-60,551
2018,6,INVSTG,60 or older,176
2018,6,INVSTG,Juvenile,1420
2018,7,GANGLTR,19-30,117
2018,7,GANGLTR,30-40,60
2018,7,GANGLTR,40-50,30
2018,7,GANGLTR,50-60,41
2018,7,GANGLTR,60 or older,7
2018,7,GANGLTR,Juvenile,10
2018,7,INVSTG,19-30,5966
2018,7,INVSTG,30-40,2189
2018,7,INVSTG,40-50,990
2018,7,INVSTG,50-60,879
2018,7,INVSTG,60 or older,251
2018,7,INVSTG,Juvenile,1825
2018,8,GANGLTR,19-30,243
2018,8,GANGLTR,30-40,52
2018,8,GANGLTR,40-50,12
2018,8,GANGLTR,50-60,5
2018,8,GANGLTR,60 or older,1
2018,8,GANGLTR,Juvenile,76
2018,8,INVSTG,19-30,3521
2018,8,INVSTG,30-40,1240
2018,8,INVSTG,40-50,734
2018,8,INVSTG,50-60,568
2018,8,INVSTG,60 or older,187
2018,8,INVSTG,Juvenile,1596
2018,9,GANGLTR,19-30,56
2018,9,GANGLTR,30-40,7
2018,9,GANGLTR,40-50,4
2018,9,GANGLTR,50-60,1
2018,9,GANGLTR,Juvenile,24
2018,9,INVSTG,19-30,3358
2018,9,INVSTG,30-40,1055
2018,9,INVSTG,40-50,625
2018,9,INVSTG,50-60,484
2018,9,INVSTG,60 or older,126
2018,9,INVSTG,Juvenile,1496
2018,10,GANGLTR,19-30,157
2018,10,GANGLTR,30-40,17
2018,10,GANGLTR,40-50,11
2018,10,GANGLTR,50-60,12
2018,10,GANGLTR,60 or older,2
2018,10,GANGLTR,Juvenile,124
2018,10,INVSTG,19-30,3240
2018,10,INVSTG,30-40,1429
2018,10,INVSTG,40-50,1114
2018,10,INVSTG,50-60,1063
2018,10,INVSTG,60 or older,349
2018,10,INVSTG,Juvenile,1285
2018,11,GANGLTR,19-30,328
2018,11,GANGLTR,30-40,68
2018,11,GANGLTR,40-50,26
2018,11,GANGLTR,50-60,17
2018,11,GANGLTR,60 or older,2
2018,11,GANGLTR,Juvenile,102
2018,11,INVSTG,19-30,4404
2018,11,INVSTG,30-40,1867
2018,11,INVSTG,40-50,1349
2018,11,INVSTG,50-60,1149
2018,11,INVSTG,60 or older,276
2018,11,INVSTG,Juvenile,1301
2018,12,GANGLTR,19-30,157
2018,12,GANGLTR,30-40,46
2018,12,GANGLTR,40-50,28
2018,12,GANGLTR,50-60,24
2018,12,GANGLTR,60 or older,1
2018,12,GANGLTR,Juvenile,37
2018,12,INVSTG,19-30,1473
2018,12,INVSTG,30-40,819
2018,12,INVSTG,40-50,721
2018,12,INVSTG,50-60,746
2018,12,INVSTG,60 or older,245
2018,12,INVSTG,Juvenile,822
2018,14,GANGLTR,19-30,2
2018,14,GANGLTR,30-40,1
2018,14,GANGLTR,40-50,1
2018,14,GANGLTR,Juvenile,2
2018,14,INVSTG,19-30,1161
2018,14,INVSTG,30-40,472
2018,14,INVSTG,40-50,327
2018,14,INVSTG,50-60,239
2018,14,INVSTG,60 or older,109
2018,14,INVSTG,Juvenile,626
2018,15,GANGLTR,19-30,236
2018,15,GANGLTR,30-40,48
2018,15,GANGLTR,40-50,6
2018,15,GANGLTR,50-60,5
2018,15,GANGLTR,60 or older,1
2018,15,GANGLTR,Juvenile,50
2018,15,INVSTG,19-30,2535
2018,15,INVSTG,30-40,1018
2018,15,INVSTG,40-50,530
2018,15,INVSTG,50-60,446
2018,15,INVSTG,60 or older,137
2018,15,INVSTG,Juvenile,753
2018,16,GANGLTR,19-30,3
2018,16,INVSTG,19-30,959
2018,16,INVSTG,30-40,466
2018,16,INVSTG,40-50,330
2018,16,INVSTG,50-60,291
2018,16,INVSTG,60 or older,126
2018,16,INVSTG,Juvenile,914
2018,17,INVSTG,19-30,890
2018,17,INVSTG,30-40,431
2018,17,INVSTG,40-50,291
2018,17,INVSTG,50-60,267
2018,17,INVSTG,60 or older,72
2018,17,INVSTG,Juvenile,629
2018,18,GANGLTR,19-30,119
2018,18,GANGLTR,30-40,63
2018,18,GANGLTR,40-50,74
2018,18,GANGLTR,50-60,50
2018,18,GANGLTR,60 or older,11
2018,18,GANGLTR,Juvenile,13
2018,18,INVSTG,19-30,1168
2018,18,INVSTG,30-40,475
2018,18,INVSTG,40-50,458
2018,18,INVSTG,50-60,416
2018,18,INVSTG,60 or older,129
2018,18,INVSTG,Juvenile,573
2018,19,GANGLTR,19-30,37
2018,19,GANGLTR,30-40,4
2018,19,GANGLTR,40-50,4
2018,19,GANGLTR,Juvenile,37
2018,19,INVSTG,19-30,1179
2018,19,INVSTG,30-40,492
2018,19,INVSTG,40-50,324
2018,19,INVSTG,50-60,295
2018,19,INVSTG,60 or older,93
2018,19,INVSTG,Juvenile,510
2018,20,GANGLTR,19-30,4
2018,20,GANGLTR,30-40,25
2018,20,GANGLTR,40-50,11
2018,20,GANGLTR,50-60,9
2018,20,GANGLTR,60 or older,4
2018,20,GANGLTR,Juvenile,4
2018,20,INVSTG,19-30,680
2018,20,INVSTG,30-40,458
2018,20,INVSTG,40-50,337
2018,20,INVSTG,50-60,310
2018,20,INVSTG,60 or older,161
2018,20,INVSTG,Juvenile,473
2018,22,GANGLTR,19-30,2
2018,22,GANGLTR,30-40,3
2018,22,GANGLTR,40-50,4
2018,22,GANGLTR,50-60,9
2018,22,GANGLTR,60 or older,4
2018,22,INVSTG,19-30,1268
2018,22,INVSTG,30-40,465
2018,22,INVSTG,40-50,327
2018,22,INVSTG,50-60,336
2018,22,INVSTG,60 or older,96
2018,22,INVSTG,Juvenile,696
2018,24,GANGLTR,19-30,13
2018,24,GANGLTR,30-40,3
2018,24,GANGLTR,40-50,1
2018,24,GANGLTR,Juvenile,5
2018,24,INVSTG,19-30,1513
2018,24,INVSTG,30-40,733
2018,24,INVSTG,40-50,503
2018,24,INVSTG,50-60,374
2018,24,INVSTG,60 or older,157
2018,24,INVSTG,Juvenile,961
2018,25,GANGLTR,19-30,59
2018,25,GANGLTR,30-40,10
2018,25,GANGLTR,40-50,2
2018,25,GANGLTR,50-60,3
2018,25,GANGLTR,Juvenile,38
2018,25,INVSTG,19-30,3034
2018,25,INVSTG,30-40,1367
2018,25,INVSTG,40-50,1102
2018,25,INVSTG,50-60,770
2018,25,INVSTG,60 or older,234
2018,25,INVSTG,Juvenile,1607
2018,31,GANGLTR,30-40,1
2018,31,GANGLTR,40-50,1
2018,31,GANGLTR,Juvenile,1
2018,31,INVSTG,19-30,118
2018,31,INVSTG,30-40,47
2018,31,INVSTG,40-50,20
2018,31,INVSTG,50-60,12
2018,31,INVSTG,60 or older,3
2018,31,INVSTG,Juvenile,47
2018,41,GANGLTR,19-30,1
2018,41,INVSTG,19-30,6
2018,41,INVSTG,30-40,1
2018,41,INVSTG,40-50,2
2018,41,INVSTG,50-60,2
2018,41,INVSTG,Juvenile,2
2018,51,INVSTG,50-60,1
2019,1,GANGLTR,19-30,1
2019,1,GANGLTR,40-50,1
2019,1,INVSTG,19-30,1904
2019,1,INVSTG,30-40,1142
2019,1,INVSTG,40-50,908
2019,1,INVSTG,50-60,854
2019,1,INVSTG,60 or older,352
2019,1,INVSTG,Juvenile,752
2019,2,GANGLTR,19-30,78
2019,2,GANGLTR,30-40,21
2019,2,GANGLTR,40-50,40
2019,2,GANGLTR,50-60,54
2019,2,GANGLTR,60 or older,14
2019,2,GANGLTR,Juvenile,22
2019,2,INVSTG,19-30,1932
2019,2,INVSTG,30-40,998
2019,2,INVSTG,40-50,972
2019,2,INVSTG,50-60,1118
2019,2,INVSTG,60 or older,421
2019,2,INVSTG,Juvenile,781
2019,3,GANGLTR,19-30,128
2019,3,GANGLTR,30-40,62
2019,3,GANGLTR,40-50,21
2019,3,GANGLTR,50-60,28
2019,3,GANGLTR,60 or older,12
2019,3,GANGLTR,Juvenile,30
2019,3,INVSTG,19-30,2448
2019,3,INVSTG,30-40,1027
2019,3,INVSTG,40-50,522
2019,3,INVSTG,50-60,422
2019,3,INVSTG,60 or older,162
2019,3,INVSTG,Juvenile,707
2019,4,GANGLTR,19-30,172
2019,4,GANGLTR,30-40,127
2019,4,GANGLTR,40-50,168
2019,4,GANGLTR,50-60,191
2019,4,GANGLTR,60 or older,55
2019,4,GANGLTR,Juvenile,67
2019,4,INVSTG,19-30,6731
2019,4,INVSTG,30-40,2513
2019,4,INVSTG,40-50,1318
2019,4,INVSTG,50-60,1066
2019,4,INVSTG,60 or older,397
2019,4,INVSTG,Juvenile,1720
2019,5,GANGLTR,19-30,10
2019,5,GANGLTR,30-40,12
2019,5,GANGLTR,40-50,17
2019,5,GANGLTR,50-60,19
2019,5,GANGLTR,60 or older,5
2019,5,GANGLTR,Juvenile,1
2019,5,INVSTG,19-30,3143
2019,5,INVSTG,30-40,1184
2019,5,INVSTG,40-50,782
2019,5,INVSTG,50-60,798
2019,5,INVSTG,60 or older,295
2019,5,INVSTG,Juvenile,951
2019,6,GANGLTR,19-30,172
2019,6,GANGLTR,30-40,113
2019,6,GANGLTR,40-50,79
2019,6,GANGLTR,50-60,68
2019,6,GANGLTR,60 or older,14
2019,6,GANGLTR,Juvenile,23
2019,6,INVSTG,19-30,4056
2019,6,INVSTG,30-40,1415
2019,6,INVSTG,40-50,688
2019,6,INVSTG,50-60,589
2019,6,INVSTG,60 or older,191
2019,6,INVSTG,Juvenile,1068
2019,7,GANGLTR,19-30,39
2019,7,GANGLTR,30-40,20
2019,7,GANGLTR,40-50,17
2019,7,GANGLTR,50-60,9
2019,7,GANGLTR,60 or older,3
2019,7,GANGLTR,Juvenile,4
2019,7,INVSTG,19-30,7384
2019,7,INVSTG,30-40,2845
2019,7,INVSTG,40-50,1412
2019,7,INVSTG,50-60,1286
2019,7,INVSTG,60 or older,470
2019,7,INVSTG,Juvenile,1998
2019,8,GANGLTR,19-30,140
2019,8,GANGLTR,30-40,31
2019,8,GANGLTR,40-50,9
2019,8,GANGLTR,50-60,13
2019,8,GANGLTR,60 or older,1
2019,8,GANGLTR,Juvenile,27
2019,8,INVSTG,19-30,5272
2019,8,INVSTG,30-40,1849
2019,8,INVSTG,40-50,1155
2019,8,INVSTG,50-60,926
2019,8,INVSTG,60 or older,344
2019,8,INVSTG,Juvenile,2141
2019,9,GANGLTR,19-30,251
2019,9,GANGLTR,30-40,28
2019,9,GANGLTR,40-50,3
2019,9,GANGLTR,Juvenile,229
2019,9,INVSTG,19-30,4371
2019,9,INVSTG,30-40,1485
2019,9,INVSTG,40-50,959
2019,9,INVSTG,50-60,633
2019,9,INVSTG,60 or older,239
2019,9,INVSTG,Juvenile,1957
2019,10,GANGLTR,19-30,75
2019,10,GANGLTR,30-40,9
2019,10,GANGLTR,40-50,2
2019,10,GANGLTR,50-60,4
2019,10,GANGLTR,60 or older,1
2019,10,GANGLTR,Juvenile,72
2019,10,INVSTG,19-30,2566
2019,10,INVSTG,30-40,1286
2019,10,INVSTG,40-50,951
2019,10,INVSTG,50-60,929
2019,10,INVSTG,60 or older,394
2019,10,INVSTG,Juvenile,1167
2019,11,GANGLTR,19-30,337
2019,11,GANGLTR,30-40,64
2019,11,GANGLTR,40-50,28
2019,11,GANGLTR,50-60,9
2019,11,GANGLTR,60 or older,2
2019,11,GANGLTR,Juvenile,156
2019,11,INVSTG,19-30,4841
2019,11,INVSTG,30-40,2452
2019,11,INVSTG,40-50,1748
2019,11,INVSTG,50-60,1508
2019,11,INVSTG,60 or older,494
2019,11,INVSTG,Juvenile,1116
2019,12,GANGLTR,19-30,230
2019,12,GANGLTR,30-40,58
2019,12,GANGLTR,40-50,36
2019,12,GANGLTR,50-60,31
2019,12,GANGLTR,60 or older,8
2019,12,GANGLTR,Juvenile,115
2019,12,INVSTG,19-30,1784
2019,12,INVSTG,30-40,913
2019,12,INVSTG,40-50,781
2019,12,INVSTG,50-60,740
2019,12,INVSTG,60 or older,286
2019,12,INVSTG,Juvenile,777
2019,14,GANGLTR,19-30,17
2019,14,GANGLTR,30-40,2
2019,14,GANGLTR,Juvenile,16
2019,14,INVSTG,19-30,2273
2019,14,INVSTG,30-40,908
2019,14,INVSTG,40-50,468
2019,14,INVSTG,50-60,328
2019,14,INVSTG,60 or older,191
2019,14,INVSTG,Juvenile,812
2019,15,GANGLTR,19-30,75
2019,15,GANGLTR,30-40,35
2019,15,GANGLTR,40-50,12
2019,15,GANGLTR,50-60,5
2019,15,GANGLTR,Juvenile,20
2019,15,INVSTG,19-30,2265
2019,15,INVSTG,30-40,1007
2019,15,INVSTG,40-50,627
2019,15,INVSTG,50-60,533
2019,15,INVSTG,60 or older,182
2019,15,INVSTG,Juvenile,769
2019,16,GANGLTR,30-40,1
2019,16,GANGLTR,40-50,1
2019,16,INVSTG,19-30,1061
2019,16,INVSTG,30-40,510
2019,16,INVSTG,40-50,473
2019,16,INVSTG,50-60,316
2019,16,INVSTG,60 or older,156
2019,16,INVSTG,Juvenile,1129
2019,17,INVSTG,19-30,1207
2019,17,INVSTG,30-40,446
2019,17,INVSTG,40-50,351
2019,17,INVSTG,50-60,222
2019,17,INVSTG,60 or older,85
2019,17,INVSTG,Juvenile,699
2019,18,GANGLTR,19-30,151
2019,18,GANGLTR,30-40,47
2019,18,GANGLTR,40-50,58
2019,18,GANGLTR,50-60,30
2019,18,GANGLTR,60 or older,14
2019,18,GANGLTR,Juvenile,12
2019,18,INVSTG,19-30,2089
2019,18,INVSTG,30-40,938
2019,18,INVSTG,40-50,781
2019,18,INVSTG,50-60,561
2019,18,INVSTG,60 or older,228
2019,18,INVSTG,Juvenile,661
2019,19,GANGLTR,19-30,45
2019,19,GANGLTR,30-40,11
2019,19,GANGLTR,40-50,2
2019,19,GANGLTR,50-60,2
2019,19,GANGLTR,60 or older,2
2019,19,GANGLTR,Juvenile,49
2019,19,INVSTG,19-30,1823
2019,19,INVSTG,30-40,803
2019,19,INVSTG,40-50,429
2019,19,INVSTG,50-60,469
2019,19,INVSTG,60 or older,145
2019,19,INVSTG,Juvenile,537
2019,20,GANGLTR,19-30,26
2019,20,GANGLTR,30-40,55
2019,20,GANGLTR,40-50,19
2019,20,GANGLTR,50-60,8
2019,20,GANGLTR,60 or older,1
2019,20,GANGLTR,Juvenile,21
2019,20,INVSTG,19-30,946
2019,20,INVSTG,30-40,584
2019,20,INVSTG,40-50,380
2019,20,INVSTG,50-60,388
2019,20,INVSTG,60 or older,184
2019,20,INVSTG,Juvenile,433
2019,22,GANGLTR,19-30,1
2019,22,GANGLTR,40-50,1
2019,22,GANGLTR,50-60,1
2019,22,GANGLTR,60 or older,3
2019,22,INVSTG,19-30,1259
2019,22,INVSTG,30-40,532
2019,22,INVSTG,40-50,311
2019,22,INVSTG,50-60,330
2019,22,INVSTG,60 or older,120
2019,22,INVSTG,Juvenile,726
2019,24,GANGLTR,19-30,37
2019,24,GANGLTR,30-40,2
2019,24,GANGLTR,50-60,2
2019,24,GANGLTR,Juvenile,25
2019,24,INVSTG,19-30,2224
2019,24,INVSTG,30-40,928
2019,24,INVSTG,40-50,628
2019,24,INVSTG,50-60,461
2019,24,INVSTG,60 or older,240
2019,24,INVSTG,Juvenile,1006
2019,25,GANGLTR,19-30,77
2019,25,GANGLTR,30-40,11
2019,25,GANGLTR,40-50,1
2019,25,GANGLTR,Juvenile,21
2019,25,INVSTG,19-30,3044
2019,25,INVSTG,30-40,1060
2019,25,INVSTG,40-50,682
2019,25,INVSTG,50-60,428
2019,25,INVSTG,60 or older,136
2019,25,INVSTG,Juvenile,1209
2019,31,GANGLTR,Juvenile,1
2019,31,INVSTG,19-30,177
2019,31,INVSTG,30-40,43
2019,31,INVSTG,40-50,24
2019,31,INVSTG,50-60,17
2019,31,INVSTG,60 or older,7
2019,31,INVSTG,Juvenile,39
2019,41,INVSTG,19-30,7
2019,41,INVSTG,30-40,2
2019,41,INVSTG,40-50,2
2019,41,INVSTG,50-60,3
2019,41,INVSTG,Juvenile,3
2020,1,INVSTG,19-30,1769
2020,1,INVSTG,30-40,900
2020,1,INVSTG,40-50,623
2020,1,INVSTG,50-60,590
2020,1,INVSTG,60 or older,266
2020,1,INVSTG,Juvenile,530
2020,1,PRO,30-40,1
2020,2,GANGLTR,19-30,31
2020,2,GANGLTR,30-40,14
2020,2,GANGLTR,40-50,9
2020,2,GANGLTR,50-60,12
2020,2,GANGLTR,60 or older,1
2020,2,GANGLTR,Juvenile,5
2020,2,INVSTG,19-30,870
2020,2,INVSTG,30-40,436
2020,2,INVSTG,40-50,240
2020,2,INVSTG,50-60,294
2020,2,INVSTG,60 or older,100
2020,2,INVSTG,Juvenile,335
2020,3,GANGLTR,19-30,35
2020,3,GANGLTR,30-40,21
2020,3,GANGLTR,40-50,13
2020,3,GANGLTR,50-60,13
2020,3,GANGLTR,60 or older,6
2020,3,GANGLTR,Juvenile,20
2020,3,INVSTG,19-30,1218
2020,3,INVSTG,30-40,466
2020,3,INVSTG,40-50,237
2020,3,INVSTG,50-60,145
2020,3,INVSTG,60 or older,42
2020,3,INVSTG,Juvenile,332
2020,3,PRO,60 or older,1
2020,4,GANGLTR,19-30,34
2020,4,GANGLTR,30-40,23
2020,4,GANGLTR,40-50,71
2020,4,GANGLTR,50-60,83
2020,4,GANGLTR,60 or older,12
2020,4,GANGLTR,Juvenile,8
2020,4,INVSTG,19-30,2653
2020,4,INVSTG,30-40,849
2020,4,INVSTG,40-50,421
2020,4,INVSTG,50-60,356
2020,4,INVSTG,60 or older,149
2020,4,INVSTG,Juvenile,515
2020,4,PRO,40-50,1
2020,4,PRO,50-60,1
2020,5,GANGLTR,40-50,1
2020,5,GANGLTR,50-60,1
2020,5,GANGLTR,60 or older,2
2020,5,INVSTG,19-30,1487
2020,5,INVSTG,30-40,647
2020,5,INVSTG,40-50,416
2020,5,INVSTG,50-60,470
2020,5,INVSTG,60 or older,156
2020,5,INVSTG,Juvenile,390
2020,5,PRO,19-30,2
2020,5,PRO,30-40,1
2020,5,PRO,40-50,1
2020,5,PRO,50-60,1
2020,5,PRO,60 or older,1
2020,6,GANGLTR,19-30,19
2020,6,GANGLTR,30-40,14
2020,6,GANGLTR,40-50,12
2020,6,GANGLTR,50-60,10
2020,6,GANGLTR,60 or older,3
2020,6,INVSTG,19-30,2292
2020,6,INVSTG,30-40,775
2020,6,INVSTG,40-50,329
2020,6,INVSTG,50-60,254
2020,6,INVSTG,60 or older,109
2020,6,INVSTG,Juvenile,491
2020,7,GANGLTR,19-30,1
2020,7,GANGLTR,30-40,6
2020,7,GANGLTR,40-50,5
2020,7,GANGLTR,60 or older,1
2020,7,INVSTG,19-30,5116
2020,7,INVSTG,30-40,1945
2020,7,INVSTG,40-50,831
2020,7,INVSTG,50-60,821
2020,7,INVSTG,60 or older,333
2020,7,INVSTG,Juvenile,1082
2020,7,PRO,19-30,1
2020,7,PRO,30-40,1
2020,8,GANGLTR,19-30,58
2020,8,GANGLTR,30-40,27
2020,8,GANGLTR,40-50,9
2020,8,GANGLTR,50-60,6
2020,8,GANGLTR,60 or older,5
2020,8,GANGLTR,Juvenile,12
2020,8,INVSTG,19-30,2931
2020,8,INVSTG,30-40,952
2020,8,INVSTG,40-50,554
2020,8,INVSTG,50-60,428
2020,8,INVSTG,60 or older,160
2020,8,INVSTG,Juvenile,878
2020,8,PRO,19-30,2
2020,8,PRO,30-40,6
2020,8,PRO,40-50,2
2020,9,GANGLTR,19-30,97
2020,9,GANGLTR,30-40,10
2020,9,GANGLTR,Juvenile,85
2020,9,INVSTG,19-30,2739
2020,9,INVSTG,30-40,857
2020,9,INVSTG,40-50,369
2020,9,INVSTG,50-60,286
2020,9,INVSTG,60 or older,100
2020,9,INVSTG,Juvenile,904
2020,10,GANGLTR,19-30,30
2020,10,GANGLTR,30-40,8
2020,10,GANGLTR,40-50,1
2020,10,GANGLTR,50-60,3
2020,10,GANGLTR,Juvenile,19
2020,10,INVSTG,19-30,1304
2020,10,INVSTG,30-40,543
2020,10,INVSTG,40-50,286
2020,10,INVSTG,50-60,265
2020,10,INVSTG,60 or older,82
2020,10,INVSTG,Juvenile,459
2020,11,GANGLTR,19-30,95
2020,11,GANGLTR,30-40,45
2020,11,GANGLTR,40-50,13
2020,11,GANGLTR,50-60,4
2020,11,GANGLTR,Juvenile,31
2020,11,INVSTG,19-30,3291
2020,11,INVSTG,30-40,1637
2020,11,INVSTG,40-50,960
2020,11,INVSTG,50-60,760
2020,11,INVSTG,60 or older,225
2020,11,INVSTG,Juvenile,645
2020,11,PRO,30-40,1
2020,11,PRO,40-50,3
2020,12,GANGLTR,19-30,76
2020,12,GANGLTR,30-40,27
2020,12,GANGLTR,40-50,7
2020,12,GANGLTR,50-60,11
2020,12,GANGLTR,60 or older,2
2020,12,GANGLTR,Juvenile,17
2020,12,INVSTG,19-30,1154
2020,12,INVSTG,30-40,503
2020,12,INVSTG,40-50,343
2020,12,INVSTG,50-60,320
2020,12,INVSTG,60 or older,113
2020,12,INVSTG,Juvenile,341
2020,12,PRO,30-40,2
2020,12,PRO,40-50,4
2020,12,PRO,50-60,2
2020,14,GANGLTR,19-30,24
2020,14,GANGLTR,30-40,4
2020,14,GANGLTR,40-50,3
2020,14,GANGLTR,Juvenile,6
2020,14,INVSTG,19-30,1486
2020,14,INVSTG,30-40,534
2020,14,INVSTG,40-50,272
2020,14,INVSTG,50-60,208
2020,14,INVSTG,60 or older,95
2020,14,INVSTG,Juvenile,399
2020,14,PRO,19-30,1
2020,14,PRO,40-50,1
2020,15,GANGLTR,19-30,55
2020,15,GANGLTR,30-40,7
2020,15,GANGLTR,Juvenile,3
2020,15,INVSTG,19-30,1390
2020,15,INVSTG,30-40,646
2020,15,INVSTG,40-50,332
2020,15,INVSTG,50-60,345
2020,15,INVSTG,60 or older,135
2020,15,INVSTG,Juvenile,381
2020,16,INVSTG,19-30,728
2020,16,INVSTG,30-40,368
2020,16,INVSTG,40-50,337
2020,16,INVSTG,50-60,259
2020,16,INVSTG,60 or older,106
2020,16,INVSTG,Juvenile,371
2020,17,INVSTG,19-30,683
2020,17,INVSTG,30-40,276
2020,17,INVSTG,40-50,164
2020,17,INVSTG,50-60,107
2020,17,INVSTG,60 or older,28
2020,17,INVSTG,Juvenile,288
2020,18,GANGLTR,19-30,54
2020,18,GANGLTR,30-40,7
2020,18,GANGLTR,40-50,11
2020,18,GANGLTR,50-60,13
2020,18,GANGLTR,60 or older,3
2020,18,INVSTG,19-30,1457
2020,18,INVSTG,30-40,524
2020,18,INVSTG,40-50,307
2020,18,INVSTG,50-60,245
2020,18,INVSTG,60 or older,110
2020,18,INVSTG,Juvenile,345
2020,18,PRO,19-30,1
2020,18,PRO,30-40,1
2020,19,GANGLTR,19-30,48
2020,19,GANGLTR,30-40,12
2020,19,GANGLTR,40-50,3
2020,19,GANGLTR,50-60,4
2020,19,GANGLTR,60 or older,3
2020,19,GANGLTR,Juvenile,19
2020,19,INVSTG,19-30,890
2020,19,INVSTG,30-40,469
2020,19,INVSTG,40-50,320
2020,19,INVSTG,50-60,370
2020,19,INVSTG,60 or older,117
2020,19,INVSTG,Juvenile,300
2020,20,GANGLTR,19-30,8
2020,20,GANGLTR,30-40,23
2020,20,GANGLTR,40-50,17
2020,20,GANGLTR,50-60,4
2020,20,GANGLTR,Juvenile,3
2020,20,INVSTG,19-30,416
2020,20,INVSTG,30-40,276
2020,20,INVSTG,40-50,218
2020,20,INVSTG,50-60,240
2020,20,INVSTG,60 or older,93
2020,20,INVSTG,Juvenile,173
2020,22,INVSTG,19-30,917
2020,22,INVSTG,30-40,296
2020,22,INVSTG,40-50,187
2020,22,INVSTG,50-60,162
2020,22,INVSTG,60 or older,59
2020,22,INVSTG,Juvenile,307
2020,24,GANGLTR,19-30,62
2020,24,GANGLTR,30-40,41
2020,24,GANGLTR,40-50,3
2020,24,GANGLTR,Juvenile,5
2020,24,INVSTG,19-30,1237
2020,24,INVSTG,30-40,471
2020,24,INVSTG,40-50,264
2020,24,INVSTG,50-60,139
2020,24,INVSTG,60 or older,82
2020,24,INVSTG,Juvenile,361
2020,24,PRO,19-30,1
2020,24,PRO,30-40,2
2020,25,GANGLTR,19-30,9
2020,25,GANGLTR,30-40,2
2020,25,GANGLTR,Juvenile,1
2020,25,INVSTG,19-30,3025
2020,25,INVSTG,30-40,1132
2020,25,INVSTG,40-50,704
2020,25,INVSTG,50-60,520
2020,25,INVSTG,60 or older,159
2020,25,INVSTG,Juvenile,717
2020,25,PRO,30-40,6
2020,25,PRO,40-50,4
2020,25,PRO,50-60,2
2020,25,PRO,60 or older,1
2020,31,GANGLTR,19-30,1
2020,31,GANGLTR,40-50,1
2020,31,GANGLTR,50-60,1
2020,31,INVSTG,19-30,144
2020,31,INVSTG,30-40,35
2020,31,INVSTG,40-50,17
2020,31,INVSTG,50-60,11
2020,31,INVSTG,60 or older,2
2020,31,INVSTG,Juvenile,39
2020,31,PRO,19-30,1
2020,41,INVSTG,30-40,1
2021,1,INVSTG,19-30,1346
2021,1,INVSTG,30-40,540
2021,1,INVSTG,40-50,257
2021,1,INVSTG,50-60,211
2021,1,INVSTG,60 or older,118
2021,1,INVSTG,Juvenile,399
2021,2,GANGLTR,19-30,17
2021,2,GANGLTR,30-40,21
2021,2,GANGLTR,40-50,18
2021,2,GANGLTR,50-60,24
2021,2,GANGLTR,60 or older,12
2021,2,GANGLTR,Juvenile,3
2021,2,INVSTG,19-30,938
2021,2,INVSTG,30-40,392
2021,2,INVSTG,40-50,202
2021,2,INVSTG,50-60,126
2021,2,INVSTG,60 or older,68
2021,2,INVSTG,Juvenile,212
2021,3,GANGLTR,19-30,35
2021,3,GANGLTR,30-40,68
2021,3,GANGLTR,40-50,37
2021,3,GANGLTR,50-60,17
2021,3,GANGLTR,60 or older,12
2021,3,INVSTG,19-30,993
2021,3,INVSTG,30-40,415
2021,3,INVSTG,40-50,193
2021,3,INVSTG,50-60,101
2021,3,INVSTG,60 or older,36
2021,3,INVSTG,Juvenile,205
2021,4,GANGLTR,19-30,25
2021,4,GANGLTR,30-40,86
2021,4,GANGLTR,40-50,44
2021,4,GANGLTR,50-60,31
2021,4,GANGLTR,60 or older,14
2021,4,GANGLTR,Juvenile,1
2021,4,INVSTG,19-30,1721
2021,4,INVSTG,30-40,705
2021,4,INVSTG,40-50,337
2021,4,INVSTG,50-60,231
2021,4,INVSTG,60 or older,95
2021,4,INVSTG,Juvenile,291
2021,5,GANGLTR,19-30,7
2021,5,GANGLTR,30-40,2
2021,5,GANGLTR,40-50,13
2021,5,GANGLTR,50-60,25
2021,5,GANGLTR,60 or older,5
2021,5,INVSTG,19-30,1257
2021,5,INVSTG,30-40,628
2021,5,INVSTG,40-50,385
2021,5,INVSTG,50-60,448
2021,5,INVSTG,60 or older,176
2021,5,INVSTG,Juvenile,233
2021,6,GANGLTR,19-30,20
2021,6,GANGLTR,30-40,47
2021,6,GANGLTR,40-50,15
2021,6,GANGLTR,50-60,17
2021,6,GANGLTR,60 or older,5
2021,6,INVSTG,19-30,1978
2021,6,INVSTG,30-40,740
2021,6,INVSTG,40-50,276
2021,6,INVSTG,50-60,203
2021,6,INVSTG,60 or older,100
2021,6,INVSTG,Juvenile,337
2021,7,GANGLTR,19-30,10
2021,7,GANGLTR,30-40,11
2021,7,GANGLTR,40-50,6
2021,7,GANGLTR,50-60,2
2021,7,GANGLTR,60 or older,1
2021,7,GANGLTR,Juvenile,1
2021,7,INVSTG,19-30,3258
2021,7,INVSTG,30-40,1265
2021,7,INVSTG,40-50,439
2021,7,INVSTG,50-60,334
2021,7,INVSTG,60 or older,104
2021,7,INVSTG,Juvenile,537
2021,7,PRO,30-40,1
2021,8,GANGLTR,19-30,137
2021,8,GANGLTR,30-40,74
2021,8,GANGLTR,40-50,63
2021,8,GANGLTR,50-60,6
2021,8,GANGLTR,60 or older,13
2021,8,GANGLTR,Juvenile,2
2021,8,INVSTG,19-30,1918
2021,8,INVSTG,30-40,746
2021,8,INVSTG,40-50,365
2021,8,INVSTG,50-60,234
2021,8,INVSTG,60 or older,141
2021,8,INVSTG,Juvenile,515
2021,8,PRO,30-40,2
2021,8,PRO,40-50,1
2021,8,PRO,50-60,2
2021,8,PRO,Juvenile,1
2021,9,GANGLTR,19-30,35
2021,9,GANGLTR,30-40,3
2021,9,GANGLTR,Juvenile,34
2021,9,INVSTG,19-30,1689
2021,9,INVSTG,30-40,574
2021,9,INVSTG,40-50,207
2021,9,INVSTG,50-60,129
2021,9,INVSTG,60 or older,53
2021,9,INVSTG,Juvenile,442
2021,10,GANGLTR,19-30,28
2021,10,GANGLTR,30-40,8
2021,10,GANGLTR,40-50,1
2021,10,GANGLTR,Juvenile,17
2021,10,INVSTG,19-30,1623
2021,10,INVSTG,30-40,605
2021,10,INVSTG,40-50,310
2021,10,INVSTG,50-60,187
2021,10,INVSTG,60 or older,86
2021,10,INVSTG,Juvenile,427
2021,11,GANGLTR,19-30,107
2021,11,GANGLTR,30-40,24
2021,11,GANGLTR,40-50,2
2021,11,GANGLTR,50-60,8
2021,11,GANGLTR,60 or older,1
2021,11,GANGLTR,Juvenile,29
2021,11,INVSTG,19-30,4034
2021,11,INVSTG,30-40,1937
2021,11,INVSTG,40-50,1003
2021,11,INVSTG,50-60,823
2021,11,INVSTG,60 or older,301
2021,11,INVSTG,Juvenile,656
2021,11,PRO,19-30,1
2021,11,PRO,30-40,1
2021,12,GANGLTR,19-30,105
2021,12,GANGLTR,30-40,59
2021,12,GANGLTR,40-50,66
2021,12,GANGLTR,50-60,55
2021,12,GANGLTR,60 or older,8
2021,12,GANGLTR,Juvenile,23
2021,12,INVSTG,19-30,1164
2021,12,INVSTG,30-40,436
2021,12,INVSTG,40-50,249
2021,12,INVSTG,50-60,194
2021,12,INVSTG,60 or older,66
2021,12,INVSTG,Juvenile,201
2021,12,PRO,50-60,1
2021,14,INVSTG,19-30,983
2021,14,INVSTG,30-40,371
2021,14,INVSTG,40-50,181
2021,14,INVSTG,50-60,106
2021,14,INVSTG,60 or older,57
2021,14,INVSTG,Juvenile,177
2021,14,PRO,19-30,1
2021,15,GANGLTR,19-30,116
2021,15,GANGLTR,30-40,72
2021,15,GANGLTR,40-50,12
2021,15,GANGLTR,50-60,3
2021,15,GANGLTR,60 or older,6
2021,15,GANGLTR,Juvenile,50
2021,15,INVSTG,19-30,1303
2021,15,INVSTG,30-40,673
2021,15,INVSTG,40-50,300
2021,15,INVSTG,50-60,244
2021,15,INVSTG,60 or older,86
2021,15,INVSTG,Juvenile,249
2021,15,PRO,30-40,2
2021,16,INVSTG,19-30,642
2021,16,INVSTG,30-40,414
2021,16,INVSTG,40-50,327
2021,16,INVSTG,50-60,221
2021,16,INVSTG,60 or older,128
2021,16,INVSTG,Juvenile,175
2021,16,PRO,40-50,1
2021,17,GANGLTR,19-30,1
2021,17,GANGLTR,50-60,3
2021,17,INVSTG,19-30,612
2021,17,INVSTG,30-40,187
2021,17,INVSTG,40-50,117
2021,17,INVSTG,50-60,60
2021,17,INVSTG,60 or older,19
2021,17,INVSTG,Juvenile,145
2021,18,GANGLTR,19-30,138
2021,18,GANGLTR,30-40,63
2021,18,GANGLTR,40-50,51
2021,18,GANGLTR,50-60,19
2021,18,GANGLTR,60 or older,4
2021,18,GANGLTR,Juvenile,1
2021,18,INVSTG,19-30,1605
2021,18,INVSTG,30-40,501
2021,18,INVSTG,40-50,234
2021,18,INVSTG,50-60,171
2021,18,INVSTG,60 or older,80
2021,18,INVSTG,Juvenile,247
2021,19,GANGLTR,19-30,33
2021,19,GANGLTR,30-40,3
2021,19,GANGLTR,40-50,3
2021,19,GANGLTR,50-60,9
2021,19,GANGLTR,Juvenile,4
2021,19,INVSTG,19-30,1146
2021,19,INVSTG,30-40,452
2021,19,INVSTG,40-50,250
2021,19,INVSTG,50-60,234
2021,19,INVSTG,60 or older,101
2021,19,INVSTG,Juvenile,182
2021,19,PRO,19-30,1
2021,20,GANGLTR,19-30,8
2021,20,GANGLTR,30-40,14
2021,20,GANGLTR,40-50,6
2021,20,GANGLTR,50-60,10
2021,20,GANGLTR,60 or older,2
2021,20,INVSTG,19-30,364
2021,20,INVSTG,30-40,314
2021,20,INVSTG,40-50,234
2021,20,INVSTG,50-60,257
2021,20,INVSTG,60 or older,145
2021,20,INVSTG,Juvenile,81
2021,22,INVSTG,19-30,1058
2021,22,INVSTG,30-40,340
2021,22,INVSTG,40-50,162
2021,22,INVSTG,50-60,90
2021,22,INVSTG,60 or older,53
2021,22,INVSTG,Juvenile,220
2021,24,GANGLTR,19-30,87
2021,24,GANGLTR,30-40,28
2021,24,GANGLTR,40-50,7
2021,24,GANGLTR,50-60,7
2021,24,GANGLTR,60 or older,4
2021,24,INVSTG,19-30,870
2021,24,INVSTG,30-40,326
2021,24,INVSTG,40-50,222
2021,24,INVSTG,50-60,112
2021,24,INVSTG,60 or older,72
2021,24,INVSTG,Juvenile,214
2021,25,GANGLTR,19-30,19
2021,25,GANGLTR,30-40,22
2021,25,GANGLTR,40-50,3
2021,25,GANGLTR,Juvenile,7
2021,25,INVSTG,19-30,2046
2021,25,INVSTG,30-40,670
2021,25,INVSTG,40-50,323
2021,25,INVSTG,50-60,206
2021,25,INVSTG,60 or older,54
2021,25,INVSTG,Juvenile,340
2021,25,PRO,19-30,2
2021,25,PRO,30-40,1
2021,25,PRO,40-50,1
2021,25,PRO,50-60,4
2021,31,GANGLTR,30-40,2
2021,31,INVSTG,19-30,88
2021,31,INVSTG,30-40,36
2021,31,INVSTG,40-50,13
2021,31,INVSTG,50-60,6
2021,31,INVSTG,Juvenile,23
2021,41,INVSTG,19-30,3
2021,41,INVSTG,40-50,1
2021,41,INVSTG,50-60,1
2021,51,INVSTG,19-30,2
2022,1,GANGLTR,19-30,2
2022,1,GANGLTR,Juvenile,2
2022,1,INVSTG,19-30,1597
2022,1,INVSTG,30-40,739
2022,1,INVSTG,40-50,298
2022,1,INVSTG,50-60,232
2022,1,INVSTG,60 or older,135
2022,1,INVSTG,Juvenile,423
2022,1,PRO,19-30,1
2022,1,PRO,40-50,1
2022,2,GANGLTR,19-30,8
2022,2,GANGLTR,30-40,23
2022,2,GANGLTR,40-50,19
2022,2,GANGLTR,50-60,13
2022,2,GANGLTR,60 or older,7
2022,2,INVSTG,19-30,1592
2022,2,INVSTG,30-40,691
2022,2,INVSTG,40-50,281
2022,2,INVSTG,50-60,140
2022,2,INVSTG,60 or older,76
2022,2,INVSTG,Juvenile,321
2022,3,GANGLTR,19-30,8
2022,3,GANGLTR,30-40,34
2022,3,GANGLTR,40-50,25
2022,3,GANGLTR,50-60,19
2022,3,GANGLTR,60 or older,10
2022,3,GANGLTR,Juvenile,4
2022,3,INVSTG,19-30,1019
2022,3,INVSTG,30-40,516
2022,3,INVSTG,40-50,206
2022,3,INVSTG,50-60,114
2022,3,INVSTG,60 or older,42
2022,3,INVSTG,Juvenile,267
2022,3,PRO,30-40,1
2022,4,GANGLTR,19-30,1
2022,4,GANGLTR,30-40,17
2022,4,GANGLTR,40-50,2
2022,4,GANGLTR,50-60,4
2022,4,GANGLTR,60 or older,6
2022,4,INVSTG,19-30,1567
2022,4,INVSTG,30-40,660
2022,4,INVSTG,40-50,307
2022,4,INVSTG,50-60,255
2022,4,INVSTG,60 or older,81
2022,4,INVSTG,Juvenile,298
2022,5,GANGLTR,19-30,4
2022,5,GANGLTR,30-40,2
2022,5,GANGLTR,40-50,1
2022,5,INVSTG,19-30,1848
2022,5,INVSTG,30-40,717
2022,5,INVSTG,40-50,392
2022,5,INVSTG,50-60,332
2022,5,INVSTG,60 or older,139
2022,5,INVSTG,Juvenile,346
2022,6,GANGLTR,19-30,6
2022,6,GANGLTR,30-40,10
2022,6,GANGLTR,40-50,3
2022,6,GANGLTR,Juvenile,1
2022,6,INVSTG,19-30,1899
2022,6,INVSTG,30-40,810
2022,6,INVSTG,40-50,260
2022,6,INVSTG,50-60,109
2022,6,INVSTG,60 or older,49
2022,6,INVSTG,Juvenile,364
2022,7,GANGLTR,19-30,16
2022,7,GANGLTR,30-40,7
2022,7,GANGLTR,40-50,3
2022,7,GANGLTR,50-60,7
2022,7,GANGLTR,60 or older,2
2022,7,INVSTG,19-30,2198
2022,7,INVSTG,30-40,928
2022,7,INVSTG,40-50,330
2022,7,INVSTG,50-60,175
2022,7,INVSTG,60 or older,83
2022,7,INVSTG,Juvenile,417
2022,8,GANGLTR,19-30,65
2022,8,GANGLTR,30-40,41
2022,8,GANGLTR,40-50,4
2022,8,GANGLTR,50-60,4
2022,8,GANGLTR,60 or older,1
2022,8,GANGLTR,Juvenile,1
2022,8,INVSTG,19-30,1650
2022,8,INVSTG,30-40,538
2022,8,INVSTG,40-50,246
2022,8,INVSTG,50-60,121
2022,8,INVSTG,60 or older,57
2022,8,INVSTG,Juvenile,452
2022,8,PRO,30-40,2
2022,8,PRO,40-50,1
2022,9,GANGLTR,19-30,6
2022,9,GANGLTR,Juvenile,4
2022,9,INVSTG,19-30,1731
2022,9,INVSTG,30-40,509
2022,9,INVSTG,40-50,201
2022,9,INVSTG,50-60,113
2022,9,INVSTG,60 or older,68
2022,9,INVSTG,Juvenile,368
2022,9,PRO,19-30,1
2022,10,GANGLTR,19-30,77
2022,10,GANGLTR,30-40,17
2022,10,GANGLTR,40-50,6
2022,10,GANGLTR,50-60,1
2022,10,GANGLTR,Juvenile,31
2022,10,INVSTG,19-30,1766
2022,10,INVSTG,30-40,738
2022,10,INVSTG,40-50,349
2022,10,INVSTG,50-60,214
2022,10,INVSTG,60 or older,107
2022,10,INVSTG,Juvenile,488
2022,11,GANGLTR,19-30,74
2022,11,GANGLTR,30-40,15
2022,11,GANGLTR,40-50,6
2022,11,GANGLTR,Juvenile,31
2022,11,INVSTG,19-30,2346
2022,11,INVSTG,30-40,1306
2022,11,INVSTG,40-50,729
2022,11,INVSTG,50-60,634
2022,11,INVSTG,60 or older,288
2022,11,INVSTG,Juvenile,382
2022,11,PRO,30-40,2
2022,12,GANGLTR,19-30,34
2022,12,GANGLTR,30-40,22
2022,12,GANGLTR,40-50,29
2022,12,GANGLTR,50-60,37
2022,12,GANGLTR,60 or older,12
2022,12,GANGLTR,Juvenile,8
2022,12,INVSTG,19-30,1689
2022,12,INVSTG,30-40,684
2022,12,INVSTG,40-50,382
2022,12,INVSTG,50-60,292
2022,12,INVSTG,60 or older,120
2022,12,INVSTG,Juvenile,291
2022,14,GANGLTR,30-40,1
2022,14,GANGLTR,40-50,1
2022,14,GANGLTR,50-60,1
2022,14,INVSTG,19-30,1034
2022,14,INVSTG,30-40,390
2022,14,INVSTG,40-50,179
2022,14,INVSTG,50-60,90
2022,14,INVSTG,60 or older,31
2022,14,INVSTG,Juvenile,247
2022,15,GANGLTR,19-30,116
2022,15,GANGLTR,30-40,50
2022,15,GANGLTR,40-50,3
2022,15,GANGLTR,50-60,5
2022,15,GANGLTR,60 or older,1
2022,15,GANGLTR,Juvenile,25
2022,15,INVSTG,19-30,1060
2022,15,INVSTG,30-40,611
2022,15,INVSTG,40-50,254
2022,15,INVSTG,50-60,190
2022,15,INVSTG,60 or older,73
2022,15,INVSTG,Juvenile,304
2022,16,INVSTG,19-30,789
2022,16,INVSTG,30-40,581
2022,16,INVSTG,40-50,491
2022,16,INVSTG,50-60,360
2022,16,INVSTG,60 or older,223
2022,16,INVSTG,Juvenile,186
2022,16,PRO,40-50,1
2022,17,INVSTG,19-30,957
2022,17,INVSTG,30-40,280
2022,17,INVSTG,40-50,144
2022,17,INVSTG,50-60,70
2022,17,INVSTG,60 or older,36
2022,17,INVSTG,Juvenile,199
2022,18,GANGLTR,19-30,66
2022,18,GANGLTR,30-40,102
2022,18,GANGLTR,40-50,84
2022,18,GANGLTR,50-60,108
2022,18,GANGLTR,60 or older,26
2022,18,GANGLTR,Juvenile,8
2022,18,INVSTG,19-30,1555
2022,18,INVSTG,30-40,699
2022,18,INVSTG,40-50,325
2022,18,INVSTG,50-60,235
2022,18,INVSTG,60 or older,114
2022,18,INVSTG,Juvenile,201
2022,19,GANGLTR,19-30,8
2022,19,GANGLTR,30-40,9
2022,19,GANGLTR,Juvenile,15
2022,19,INVSTG,19-30,1106
2022,19,INVSTG,30-40,455
2022,19,INVSTG,40-50,268
2022,19,INVSTG,50-60,233
2022,19,INVSTG,60 or older,115
2022,19,INVSTG,Juvenile,239
2022,20,GANGLTR,19-30,3
2022,20,GANGLTR,30-40,8
2022,20,GANGLTR,40-50,2
2022,20,GANGLTR,50-60,4
2022,20,GANGLTR,60 or older,2
2022,20,GANGLTR,Juvenile,1
2022,20,INVSTG,19-30,600
2022,20,INVSTG,30-40,392
2022,20,INVSTG,40-50,319
2022,20,INVSTG,50-60,431
2022,20,INVSTG,60 or older,245
2022,20,INVSTG,Juvenile,123
2022,22,GANGLTR,19-30,1
2022,22,GANGLTR,Juvenile,1
2022,22,INVSTG,19-30,1232
2022,22,INVSTG,30-40,432
2022,22,INVSTG,40-50,179
2022,22,INVSTG,50-60,89
2022,22,INVSTG,60 or older,56
2022,22,INVSTG,Juvenile,276
2022,24,GANGLTR,19-30,14
2022,24,GANGLTR,30-40,6
2022,24,GANGLTR,40-50,15
2022,24,GANGLTR,50-60,7
2022,24,GANGLTR,60 or older,1
2022,24,GANGLTR,Juvenile,1
2022,24,INVSTG,19-30,1286
2022,24,INVSTG,30-40,509
2022,24,INVSTG,40-50,370
2022,24,INVSTG,50-60,217
2022,24,INVSTG,60 or older,134
2022,24,INVSTG,Juvenile,260
2022,24,PRO,19-30,1
2022,25,GANGLTR,19-30,21
2022,25,GANGLTR,30-40,21
2022,25,GANGLTR,40-50,6
2022,25,GANGLTR,50-60,3
2022,25,GANGLTR,Juvenile,1
2022,25,INVSTG,19-30,1876
2022,25,INVSTG,30-40,647
2022,25,INVSTG,40-50,315
2022,25,INVSTG,50-60,209
2022,25,INVSTG,60 or older,83
2022,25,INVSTG,Juvenile,414
2022,25,PRO,30-40,4
2022,25,PRO,50-60,1
2022,25,PRO,60 or older,1
2022,31,INVSTG,19-30,95
2022,31,INVSTG,30-40,54
2022,31,INVSTG,40-50,16
2022,31,INVSTG,50-60,7
2022,31,INVSTG,60 or older,4
2022,31,INVSTG,Juvenile,24
2022,41,INVSTG,19-30,1
2022,41,INVSTG,30-40,1
2023,1,GANGLTR,19-30,1
2023,1,GANGLTR,30-40,2
2023,1,GANGLTR,40-50,2
2023,1,INVSTG,19-30,2388
2023,1,INVSTG,30-40,1067
2023,1,INVSTG,40-50,504
2023,1,INVSTG,50-60,306
2023,1,INVSTG,60 or older,192
2023,1,INVSTG,Juvenile,621
2023,2,GANGLTR,19-30,3
2023,2,GANGLTR,30-40,11
2023,2,GANGLTR,40-50,7
2023,2,GANGLTR,50-60,6
2023,2,GANGLTR,60 or older,6
2023,2,INVSTG,19-30,1884
2023,2,INVSTG,30-40,861
2023,2,INVSTG,40-50,328
2023,2,INVSTG,50-60,146
2023,2,INVSTG,60 or older,70
2023,2,INVSTG,Juvenile,489
2023,2,PRO,40-50,1
2023,3,GANGLTR,19-30,54
2023,3,GANGLTR,30-40,35
2023,3,GANGLTR,40-50,35
2023,3,GANGLTR,50-60,28
2023,3,GANGLTR,60 or older,9
2023,3,GANGLTR,Juvenile,17
2023,3,INVSTG,19-30,1064
2023,3,INVSTG,30-40,449
2023,3,INVSTG,40-50,181
2023,3,INVSTG,50-60,99
2023,3,INVSTG,60 or older,43
2023,3,INVSTG,Juvenile,418
2023,4,GANGLTR,19-30,1
2023,4,GANGLTR,30-40,2
2023,4,GANGLTR,40-50,1
2023,4,GANGLTR,50-60,1
2023,4,GANGLTR,60 or older,1
2023,4,GANGLTR,Juvenile,1
2023,4,INVSTG,19-30,1369
2023,4,INVSTG,30-40,592
2023,4,INVSTG,40-50,237
2023,4,INVSTG,50-60,157
2023,4,INVSTG,60 or older,60
2023,4,INVSTG,Juvenile,296
2023,5,INVSTG,19-30,1731
2023,5,INVSTG,30-40,943
2023,5,INVSTG,40-50,502
2023,5,INVSTG,50-60,332
2023,5,INVSTG,60 or older,195
2023,5,INVSTG,Juvenile,453
2023,5,PRO,50-60,1
2023,6,INVSTG,19-30,2426
2023,6,INVSTG,30-40,1006
2023,6,INVSTG,40-50,324
2023,6,INVSTG,50-60,112
2023,6,INVSTG,60 or older,43
2023,6,INVSTG,Juvenile,652
2023,7,GANGLTR,19-30,2
2023,7,GANGLTR,30-40,1
2023,7,GANGLTR,40-50,2
2023,7,GANGLTR,50-60,1
2023,7,GANGLTR,60 or older,3
2023,7,INVSTG,19-30,2671
2023,7,INVSTG,30-40,1315
2023,7,INVSTG,40-50,577
2023,7,INVSTG,50-60,348
2023,7,INVSTG,60 or older,168
2023,7,INVSTG,Juvenile,491
2023,7,PRO,40-50,1
2023,8,GANGLTR,19-30,48
2023,8,GANGLTR,30-40,30
2023,8,GANGLTR,40-50,5
2023,8,GANGLTR,60 or older,1
2023,8,GANGLTR,Juvenile,6
2023,8,INVSTG,19-30,1800
2023,8,INVSTG,30-40,634
2023,8,INVSTG,40-50,288
2023,8,INVSTG,50-60,141
2023,8,INVSTG,60 or older,71
2023,8,INVSTG,Juvenile,554
2023,8,PRO,19-30,5
2023,8,PRO,30-40,3
2023,8,PRO,40-50,1
2023,8,PRO,50-60,1
2023,8,PRO,Juvenile,3
2023,9,GANGLTR,19-30,4
2023,9,GANGLTR,30-40,1
2023,9,GANGLTR,Juvenile,1
2023,9,INVSTG,19-30,1730
2023,9,INVSTG,30-40,659
2023,9,INVSTG,40-50,312
2023,9,INVSTG,50-60,149
2023,9,INVSTG,60 or older,94
2023,9,INVSTG,Juvenile,480
2023,10,GANGLTR,19-30,15
2023,10,GANGLTR,30-40,5
2023,10,GANGLTR,Juvenile,10
2023,10,INVSTG,19-30,1617
2023,10,INVSTG,30-40,721
2023,10,INVSTG,40-50,420
2023,10,INVSTG,50-60,328
2023,10,INVSTG,60 or older,164
2023,10,INVSTG,Juvenile,560
2023,11,GANGLTR,19-30,170
2023,11,GANGLTR,30-40,25
2023,11,GANGLTR,40-50,7
2023,11,GANGLTR,50-60,2
2023,11,GANGLTR,Juvenile,75
2023,11,INVSTG,19-30,2507
2023,11,INVSTG,30-40,1575
2023,11,INVSTG,40-50,874
2023,11,INVSTG,50-60,667
2023,11,INVSTG,60 or older,284
2023,11,INVSTG,Juvenile,535
2023,11,PRO,Juvenile,1
2023,12,GANGLTR,19-30,22
2023,12,GANGLTR,30-40,5
2023,12,GANGLTR,40-50,1
2023,12,GANGLTR,50-60,4
2023,12,GANGLTR,60 or older,1
2023,12,GANGLTR,Juvenile,11
2023,12,INVSTG,19-30,1589
2023,12,INVSTG,30-40,654
2023,12,INVSTG,40-50,270
2023,12,INVSTG,50-60,206
2023,12,INVSTG,60 or older,98
2023,12,INVSTG,Juvenile,422
2023,14,GANGLTR,19-30,3
2023,14,GANGLTR,40-50,2
2023,14,INVSTG,19-30,1217
2023,14,INVSTG,30-40,553
2023,14,INVSTG,40-50,243
2023,14,INVSTG,50-60,126
2023,14,INVSTG,60 or older,59
2023,14,INVSTG,Juvenile,346
2023,15,GANGLTR,19-30,105
2023,15,GANGLTR,30-40,99
2023,15,GANGLTR,40-50,6
2023,15,GANGLTR,50-60,1
2023,15,GANGLTR,60 or older,3
2023,15,GANGLTR,Juvenile,20
2023,15,INVSTG,19-30,1095
2023,15,INVSTG,30-40,680
2023,15,INVSTG,40-50,305
2023,15,INVSTG,50-60,211
2023,15,INVSTG,60 or older,124
2023,15,INVSTG,Juvenile,302
2023,16,INVSTG,19-30,902
2023,16,INVSTG,30-40,554
2023,16,INVSTG,40-50,443
2023,16,INVSTG,50-60,315
2023,16,INVSTG,60 or older,187
2023,16,INVSTG,Juvenile,231
2023,16,PRO,40-50,1
2023,17,INVSTG,19-30,1334
2023,17,INVSTG,30-40,555
2023,17,INVSTG,40-50,343
2023,17,INVSTG,50-60,159
2023,17,INVSTG,60 or older,75
2023,17,INVSTG,Juvenile,232
2023,18,GANGLTR,19-30,48
2023,18,GANGLTR,30-40,67
2023,18,GANGLTR,40-50,51
2023,18,GANGLTR,50-60,43
2023,18,GANGLTR,60 or older,7
2023,18,GANGLTR,Juvenile,7
2023,18,INVSTG,19-30,1699
2023,18,INVSTG,30-40,898
2023,18,INVSTG,40-50,417
2023,18,INVSTG,50-60,309
2023,18,INVSTG,60 or older,144
2023,18,INVSTG,Juvenile,227
2023,18,PRO,19-30,1
2023,19,GANGLTR,19-30,42
2023,19,GANGLTR,30-40,23
2023,19,GANGLTR,40-50,3
2023,19,GANGLTR,Juvenile,24
2023,19,INVSTG,19-30,1280
2023,19,INVSTG,30-40,569
2023,19,INVSTG,40-50,279
2023,19,INVSTG,50-60,199
2023,19,INVSTG,60 or older,128
2023,19,INVSTG,Juvenile,251
2023,19,PRO,19-30,1
2023,20,GANGLTR,19-30,6
2023,20,GANGLTR,30-40,11
2023,20,GANGLTR,40-50,12
2023,20,GANGLTR,50-60,8
2023,20,GANGLTR,Juvenile,12
2023,20,INVSTG,19-30,787
2023,20,INVSTG,30-40,530
2023,20,INVSTG,40-50,406
2023,20,INVSTG,50-60,428
2023,20,INVSTG,60 or older,223
2023,20,INVSTG,Juvenile,255
2023,22,INVSTG,19-30,1039
2023,22,INVSTG,30-40,431
2023,22,INVSTG,40-50,180
2023,22,INVSTG,50-60,131
2023,22,INVSTG,60 or older,74
2023,22,INVSTG,Juvenile,335
2023,24,GANGLTR,19-30,13
2023,24,GANGLTR,30-40,26
2023,24,GANGLTR,40-50,26
2023,24,GANGLTR,50-60,21
2023,24,GANGLTR,60 or older,6
2023,24,INVSTG,19-30,1095
2023,24,INVSTG,30-40,564
2023,24,INVSTG,40-50,335
2023,24,INVSTG,50-60,275
2023,24,INVSTG,60 or older,138
2023,24,INVSTG,Juvenile,274
2023,25,GANGLTR,19-30,15
2023,25,GANGLTR,30-40,16
2023,25,GANGLTR,50-60,1
2023,25,GANGLTR,Juvenile,3
2023,25,INVSTG,19-30,1826
2023,25,INVSTG,30-40,855
2023,25,INVSTG,40-50,382
2023,25,INVSTG,50-60,200
2023,25,INVSTG,60 or older,88
2023,25,INVSTG,Juvenile,496
2023,31,INVSTG,19-30,94
2023,31,INVSTG,30-40,38
2023,31,INVSTG,40-50,23
2023,31,INVSTG,50-60,9
2023,31,INVSTG,60 or older,5
2023,31,INVSTG,Juvenile,32
2023,41,INVSTG,19-30,7
2023,41,INVSTG,30-40,1
2023,41,INVSTG,40-50,1
2023,61,INVSTG,Juvenile,2
