year,district,contact_type_cd,race_code_cd,r_count
2016,1,GANGLTR,BLK,12
2016,1,GANGLTR,WHT,5
2016,1,GANGLTR,WWH,1
2016,1,INVSTG,API,6
2016,1,INVSTG,BLK,1127
2016,1,INVSTG,I,2
2016,1,INVSTG,P,2
2016,1,INVSTG,WHT,222
2016,1,INVSTG,WWH,127
2016,2,GANGLTR,BLK,259
2016,2,GANGLTR,WHT,1
2016,2,GANGLTR,WWH,1
2016,2,INVSTG,API,44
2016,2,INVSTG,BLK,5064
2016,2,INVSTG,I,12
2016,2,INVSTG,P,5
2016,2,INVSTG,WHI,1
2016,2,INVSTG,WHT,101
2016,2,INVSTG,WWH,66
2016,3,GANGLTR,API,1
2016,3,GANGLTR,BLK,520
2016,3,GANGLTR,I,3
2016,3,GANGLTR,WHT,1
2016,3,INVSTG,API,33
2016,3,INVSTG,BLK,4206
2016,3,INVSTG,I,7
2016,3,INVSTG,P,1
2016,3,INVSTG,WHT,50
2016,3,INVSTG,WWH,30
2016,4,GANGLTR,API,3
2016,4,GANGLTR,BLK,389
2016,4,GANGLTR,WHT,3
2016,4,GANGLTR,WWH,19
2016,4,INVSTG,API,24
2016,4,INVSTG,BLK,4957
2016,4,INVSTG,I,14
2016,4,INVSTG,P,2
2016,4,INVSTG,WHI,1
2016,4,INVSTG,WHT,158
2016,4,INVSTG,WWH,1164
2016,5,GANGLTR,API,3
2016,5,GANGLTR,BLK,215
2016,5,GANGLTR,WHT,2
2016,5,INVSTG,API,27
2016,5,INVSTG,BLK,4077
2016,5,INVSTG,I,5
2016,5,INVSTG,P,3
2016,5,INVSTG,WBH,1
2016,5,INVSTG,WHT,66
2016,5,INVSTG,WWH,65
2016,6,GANGLTR,API,1
2016,6,GANGLTR,BLK,229
2016,6,INVSTG,API,32
2016,6,INVSTG,BLK,4302
2016,6,INVSTG,I,10
2016,6,INVSTG,P,3
2016,6,INVSTG,WHT,75
2016,6,INVSTG,WWH,42
2016,7,GANGLTR,API,2
2016,7,GANGLTR,BLK,151
2016,7,GANGLTR,WHT,3
2016,7,GANGLTR,WWH,2
2016,7,INVSTG,API,50
2016,7,INVSTG,BLK,7908
2016,7,INVSTG,I,12
2016,7,INVSTG,P,3
2016,7,INVSTG,WHI,2
2016,7,INVSTG,WHT,98
2016,7,INVSTG,WWH,124
2016,8,GANGLTR,API,1
2016,8,GANGLTR,BLK,426
2016,8,GANGLTR,WHT,15
2016,8,GANGLTR,WWH,37
2016,8,INVSTG,API,18
2016,8,INVSTG,BLK,2690
2016,8,INVSTG,I,10
2016,8,INVSTG,P,6
2016,8,INVSTG,WBH,2
2016,8,INVSTG,WHI,4
2016,8,INVSTG,WHT,715
2016,8,INVSTG,WWH,2658
2016,9,GANGLTR,BLK,68
2016,9,GANGLTR,WHT,12
2016,9,GANGLTR,WWH,377
2016,9,INVSTG,API,56
2016,9,INVSTG,BLK,2877
2016,9,INVSTG,I,6
2016,9,INVSTG,P,12
2016,9,INVSTG,U,1
2016,9,INVSTG,WHT,717
2016,9,INVSTG,WWH,4173
2016,10,GANGLTR,API,3
2016,10,GANGLTR,BLK,611
2016,10,GANGLTR,I,1
2016,10,GANGLTR,P,2
2016,10,GANGLTR,WHT,2
2016,10,GANGLTR,WWH,111
2016,10,INVSTG,API,26
2016,10,INVSTG,BLK,4975
2016,10,INVSTG,I,8
2016,10,INVSTG,P,3
2016,10,INVSTG,WBH,1
2016,10,INVSTG,WHI,1
2016,10,INVSTG,WHT,212
2016,10,INVSTG,WWH,2024
2016,11,GANGLTR,API,10
2016,11,GANGLTR,BLK,922
2016,11,GANGLTR,I,3
2016,11,GANGLTR,WHT,19
2016,11,GANGLTR,WWH,24
2016,11,INVSTG,API,53
2016,11,INVSTG,BLK,10273
2016,11,INVSTG,I,15
2016,11,INVSTG,P,2
2016,11,INVSTG,WHI,15
2016,11,INVSTG,WHT,770
2016,11,INVSTG,WWH,598
2016,12,GANGLTR,BLK,145
2016,12,GANGLTR,WHT,13
2016,12,GANGLTR,WWH,314
2016,12,INVSTG,API,23
2016,12,INVSTG,BLK,1848
2016,12,INVSTG,I,7
2016,12,INVSTG,P,9
2016,12,INVSTG,WHI,3
2016,12,INVSTG,WHT,431
2016,12,INVSTG,WWH,1607
2016,14,GANGLTR,BLK,74
2016,14,GANGLTR,WHT,3
2016,14,GANGLTR,WWH,119
2016,14,INVSTG,API,23
2016,14,INVSTG,BLK,488
2016,14,INVSTG,P,5
2016,14,INVSTG,WHI,1
2016,14,INVSTG,WHT,242
2016,14,INVSTG,WWH,1005
2016,15,GANGLTR,BLK,625
2016,15,GANGLTR,WHT,3
2016,15,GANGLTR,WWH,5
2016,15,INVSTG,API,23
2016,15,INVSTG,BLK,5858
2016,15,INVSTG,I,12
2016,15,INVSTG,P,3
2016,15,INVSTG,WBH,1
2016,15,INVSTG,WHT,148
2016,15,INVSTG,WWH,192
2016,16,INVSTG,API,81
2016,16,INVSTG,BLK,725
2016,16,INVSTG,I,2
2016,16,INVSTG,P,10
2016,16,INVSTG,WHI,13
2016,16,INVSTG,WHT,1370
2016,16,INVSTG,WWH,794
2016,17,GANGLTR,WWH,11
2016,17,INVSTG,API,58
2016,17,INVSTG,BLK,360
2016,17,INVSTG,I,4
2016,17,INVSTG,P,8
2016,17,INVSTG,U,1
2016,17,INVSTG,WHT,529
2016,17,INVSTG,WWH,1151
2016,18,GANGLTR,API,4
2016,18,GANGLTR,BLK,497
2016,18,GANGLTR,I,1
2016,18,GANGLTR,WHT,21
2016,18,GANGLTR,WWH,4
2016,18,INVSTG,API,13
2016,18,INVSTG,BLK,1004
2016,18,INVSTG,I,8
2016,18,INVSTG,P,4
2016,18,INVSTG,WHI,2
2016,18,INVSTG,WHT,235
2016,18,INVSTG,WWH,187
2016,19,GANGLTR,BLK,47
2016,19,GANGLTR,WHT,2
2016,19,GANGLTR,WWH,1
2016,19,INVSTG,API,30
2016,19,INVSTG,BLK,1415
2016,19,INVSTG,I,25
2016,19,INVSTG,P,19
2016,19,INVSTG,WHI,3
2016,19,INVSTG,WHT,619
2016,19,INVSTG,WWH,593
2016,20,GANGLTR,API,3
2016,20,GANGLTR,BLK,62
2016,20,GANGLTR,WHT,3
2016,20,GANGLTR,WWH,15
2016,20,INVSTG,API,57
2016,20,INVSTG,BLK,642
2016,20,INVSTG,I,24
2016,20,INVSTG,P,15
2016,20,INVSTG,WHI,1
2016,20,INVSTG,WHT,384
2016,20,INVSTG,WWH,621
2016,22,GANGLTR,BLK,75
2016,22,GANGLTR,I,3
2016,22,INVSTG,API,15
2016,22,INVSTG,BLK,2041
2016,22,INVSTG,I,6
2016,22,INVSTG,P,2
2016,22,INVSTG,WHT,144
2016,22,INVSTG,WWH,39
2016,24,GANGLTR,BLK,129
2016,24,GANGLTR,I,1
2016,24,GANGLTR,WHT,7
2016,24,GANGLTR,WWH,52
2016,24,INVSTG,API,104
2016,24,INVSTG,BLK,1888
2016,24,INVSTG,I,9
2016,24,INVSTG,P,28
2016,24,INVSTG,WHI,2
2016,24,INVSTG,WHT,739
2016,24,INVSTG,WWH,1035
2016,25,GANGLTR,API,1
2016,25,GANGLTR,BLK,242
2016,25,GANGLTR,WWH,28
2016,25,INVSTG,API,24
2016,25,INVSTG,BLK,1953
2016,25,INVSTG,I,7
2016,25,INVSTG,P,11
2016,25,INVSTG,WBH,2
2016,25,INVSTG,WHI,3
2016,25,INVSTG,WHT,557
2016,25,INVSTG,WWH,2642
2016,31,GANGLTR,BLK,8
2016,31,INVSTG,API,2
2016,31,INVSTG,BLK,273
2016,31,INVSTG,P,3
2016,31,INVSTG,WHI,1
2016,31,INVSTG,WHT,47
2016,31,INVSTG,WWH,85
2016,41,INVSTG,BLK,19
2016,41,INVSTG,WHT,4
2016,41,INVSTG,WWH,4
2016,51,INVSTG,BLK,1
2017,1,INVSTG,API,14
2017,1,INVSTG,BLK,1436
2017,1,INVSTG,I,4
2017,1,INVSTG,P,5
2017,1,INVSTG,WHI,1
2017,1,INVSTG,WHT,306
2017,1,INVSTG,WWH,178
2017,2,GANGLTR,API,1
2017,2,GANGLTR,BLK,267
2017,2,INVSTG,API,14
2017,2,INVSTG,BLK,4030
2017,2,INVSTG,I,4
2017,2,INVSTG,P,3
2017,2,INVSTG,WHT,71
2017,2,INVSTG,WWH,43
2017,3,GANGLTR,API,5
2017,3,GANGLTR,BLK,430
2017,3,GANGLTR,WHT,1
2017,3,GANGLTR,WWH,2
2017,3,INVSTG,API,16
2017,3,INVSTG,BLK,4174
2017,3,INVSTG,I,2
2017,3,INVSTG,P,2
2017,3,INVSTG,WHT,47
2017,3,INVSTG,WWH,42
2017,4,GANGLTR,API,3
2017,4,GANGLTR,BLK,734
2017,4,GANGLTR,WHT,4
2017,4,GANGLTR,WWH,9
2017,4,INVSTG,API,17
2017,4,INVSTG,BLK,7131
2017,4,INVSTG,I,5
2017,4,INVSTG,P,6
2017,4,INVSTG,WHT,267
2017,4,INVSTG,WWH,1636
2017,5,GANGLTR,API,2
2017,5,GANGLTR,BLK,238
2017,5,GANGLTR,WWH,1
2017,5,INVSTG,API,19
2017,5,INVSTG,BLK,4525
2017,5,INVSTG,I,10
2017,5,INVSTG,P,2
2017,5,INVSTG,WHI,3
2017,5,INVSTG,WHT,75
2017,5,INVSTG,WWH,80
2017,6,GANGLTR,API,3
2017,6,GANGLTR,BLK,1228
2017,6,GANGLTR,P,1
2017,6,GANGLTR,WHT,1
2017,6,GANGLTR,WWH,1
2017,6,INVSTG,API,20
2017,6,INVSTG,BLK,5928
2017,6,INVSTG,I,4
2017,6,INVSTG,P,3
2017,6,INVSTG,WHT,80
2017,6,INVSTG,WWH,52
2017,7,GANGLTR,BLK,145
2017,7,INVSTG,API,39
2017,7,INVSTG,BLK,7911
2017,7,INVSTG,I,7
2017,7,INVSTG,P,1
2017,7,INVSTG,WBH,1
2017,7,INVSTG,WHT,93
2017,7,INVSTG,WWH,194
2017,8,GANGLTR,API,1
2017,8,GANGLTR,BLK,678
2017,8,GANGLTR,WHT,29
2017,8,GANGLTR,WWH,54
2017,8,INVSTG,API,26
2017,8,INVSTG,BLK,2564
2017,8,INVSTG,I,8
2017,8,INVSTG,P,7
2017,8,INVSTG,WHI,2
2017,8,INVSTG,WHT,571
2017,8,INVSTG,WWH,2254
2017,9,GANGLTR,BLK,4
2017,9,GANGLTR,WHT,7
2017,9,GANGLTR,WWH,104
2017,9,INVSTG,API,55
2017,9,INVSTG,BLK,2465
2017,9,INVSTG,I,1
2017,9,INVSTG,P,10
2017,9,INVSTG,WBH,1
2017,9,INVSTG,WHI,3
2017,9,INVSTG,WHT,627
2017,9,INVSTG,WWH,3869
2017,10,GANGLTR,BLK,186
2017,10,GANGLTR,WHT,2
2017,10,GANGLTR,WWH,56
2017,10,INVSTG,API,15
2017,10,INVSTG,BLK,4603
2017,10,INVSTG,I,3
2017,10,INVSTG,P,3
2017,10,INVSTG,WBH,2
2017,10,INVSTG,WHI,3
2017,10,INVSTG,WHT,258
2017,10,INVSTG,WWH,2389
2017,11,GANGLTR,BLK,547
2017,11,GANGLTR,I,3
2017,11,GANGLTR,WHT,11
2017,11,GANGLTR,WWH,20
2017,11,INVSTG,API,40
2017,11,INVSTG,BLK,7904
2017,11,INVSTG,I,7
2017,11,INVSTG,P,5
2017,11,INVSTG,WHI,2
2017,11,INVSTG,WHT,540
2017,11,INVSTG,WWH,548
2017,12,GANGLTR,BLK,277
2017,12,GANGLTR,WHT,12
2017,12,GANGLTR,WWH,186
2017,12,INVSTG,API,20
2017,12,INVSTG,BLK,1879
2017,12,INVSTG,I,9
2017,12,INVSTG,P,8
2017,12,INVSTG,WHI,4
2017,12,INVSTG,WHT,337
2017,12,INVSTG,WWH,1364
2017,14,GANGLTR,BLK,13
2017,14,GANGLTR,I,1
2017,14,GANGLTR,WHT,2
2017,14,GANGLTR,WWH,18
2017,14,INVSTG,API,20
2017,14,INVSTG,BLK,649
2017,14,INVSTG,I,2
2017,14,INVSTG,P,3
2017,14,INVSTG,WBH,1
2017,14,INVSTG,WHT,387
2017,14,INVSTG,WWH,1144
2017,15,GANGLTR,API,1
2017,15,GANGLTR,BLK,408
2017,15,GANGLTR,I,4
2017,15,GANGLTR,WWH,1
2017,15,INVSTG,API,22
2017,15,INVSTG,BLK,5885
2017,15,INVSTG,I,4
2017,15,INVSTG,P,2
2017,15,INVSTG,WHI,1
2017,15,INVSTG,WHT,120
2017,15,INVSTG,WWH,150
2017,16,GANGLTR,WWH,3
2017,16,INVSTG,API,67
2017,16,INVSTG,BLK,634
2017,16,INVSTG,I,2
2017,16,INVSTG,P,13
2017,16,INVSTG,WHI,3
2017,16,INVSTG,WHT,1012
2017,16,INVSTG,WWH,779
2017,17,INVSTG,API,68
2017,17,INVSTG,BLK,278
2017,17,INVSTG,I,1
2017,17,INVSTG,P,5
2017,17,INVSTG,WHI,2
2017,17,INVSTG,WHT,550
2017,17,INVSTG,WWH,1037
2017,18,GANGLTR,API,1
2017,18,GANGLTR,BLK,362
2017,18,GANGLTR,I,1
2017,18,GANGLTR,P,1
2017,18,GANGLTR,WHT,12
2017,18,GANGLTR,WWH,2
2017,18,INVSTG,API,21
2017,18,INVSTG,BLK,1579
2017,18,INVSTG,I,7
2017,18,INVSTG,P,5
2017,18,INVSTG,WHI,1
2017,18,INVSTG,WHT,320
2017,18,INVSTG,WWH,204
2017,19,GANGLTR,BLK,239
2017,19,GANGLTR,WWH,4
2017,19,INVSTG,API,58
2017,19,INVSTG,BLK,1582
2017,19,INVSTG,I,13
2017,19,INVSTG,P,15
2017,19,INVSTG,WHI,5
2017,19,INVSTG,WHT,602
2017,19,INVSTG,WWH,639
2017,20,GANGLTR,BLK,133
2017,20,GANGLTR,P,3
2017,20,GANGLTR,WHT,3
2017,20,GANGLTR,WWH,24
2017,20,INVSTG,API,73
2017,20,INVSTG,BLK,747
2017,20,INVSTG,I,12
2017,20,INVSTG,P,8
2017,20,INVSTG,WHT,659
2017,20,INVSTG,WWH,654
2017,22,GANGLTR,BLK,42
2017,22,INVSTG,API,16
2017,22,INVSTG,BLK,2044
2017,22,INVSTG,I,4
2017,22,INVSTG,P,1
2017,22,INVSTG,WHT,180
2017,22,INVSTG,WWH,53
2017,24,GANGLTR,BLK,42
2017,24,GANGLTR,WHT,1
2017,24,GANGLTR,WWH,6
2017,24,INVSTG,API,172
2017,24,INVSTG,BLK,1977
2017,24,INVSTG,I,16
2017,24,INVSTG,P,53
2017,24,INVSTG,WHI,3
2017,24,INVSTG,WHT,735
2017,24,INVSTG,WWH,861
2017,25,GANGLTR,API,1
2017,25,GANGLTR,BLK,374
2017,25,GANGLTR,WHT,3
2017,25,GANGLTR,WWH,15
2017,25,INVSTG,API,14
2017,25,INVSTG,BLK,2046
2017,25,INVSTG,I,3
2017,25,INVSTG,P,9
2017,25,INVSTG,WBH,3
2017,25,INVSTG,WHI,5
2017,25,INVSTG,WHT,631
2017,25,INVSTG,WWH,2689
2017,31,INVSTG,API,1
2017,31,INVSTG,BLK,137
2017,31,INVSTG,WHT,23
2017,31,INVSTG,WWH,24
2017,41,INVSTG,BLK,3
2017,41,INVSTG,WHT,1
2018,1,GANGLTR,BLK,5
2018,1,INVSTG,API,50
2018,1,INVSTG,BLK,3474
2018,1,INVSTG,I,11
2018,1,INVSTG,P,16
2018,1,INVSTG,WHI,1
2018,1,INVSTG,WHT,884
2018,1,INVSTG,WWH,406
2018,2,GANGLTR,API,3
2018,2,GANGLTR,BLK,245
2018,2,INVSTG,API,22
2018,2,INVSTG,BLK,4734
2018,2,INVSTG,I,6
2018,2,INVSTG,P,7
2018,2,INVSTG,WHT,86
2018,2,INVSTG,WWH,67
2018,3,GANGLTR,API,3
2018,3,GANGLTR,BLK,430
2018,3,GANGLTR,WHT,1
2018,3,GANGLTR,WWH,2
2018,3,INVSTG,API,26
2018,3,INVSTG,BLK,4294
2018,3,INVSTG,I,10
2018,3,INVSTG,P,2
2018,3,INVSTG,WHI,1
2018,3,INVSTG,WHT,36
2018,3,INVSTG,WWH,54
2018,4,GANGLTR,API,3
2018,4,GANGLTR,BLK,1046
2018,4,GANGLTR,P,1
2018,4,GANGLTR,WHI,1
2018,4,GANGLTR,WHT,10
2018,4,GANGLTR,WWH,16
2018,4,INVSTG,API,32
2018,4,INVSTG,BLK,7503
2018,4,INVSTG,I,11
2018,4,INVSTG,P,3
2018,4,INVSTG,WHI,1
2018,4,INVSTG,WHT,335
2018,4,INVSTG,WWH,1608
2018,5,GANGLTR,BLK,274
2018,5,GANGLTR,I,1
2018,5,INVSTG,API,23
2018,5,INVSTG,BLK,6305
2018,5,INVSTG,I,6
2018,5,INVSTG,P,2
2018,5,INVSTG,WHI,1
2018,5,INVSTG,WHT,118
2018,5,INVSTG,WWH,109
2018,6,GANGLTR,API,1
2018,6,GANGLTR,BLK,629
2018,6,GANGLTR,P,1
2018,6,GANGLTR,WHT,4
2018,6,INVSTG,API,20
2018,6,INVSTG,BLK,7449
2018,6,INVSTG,I,6
2018,6,INVSTG,P,7
2018,6,INVSTG,WHT,103
2018,6,INVSTG,WWH,67
2018,7,GANGLTR,BLK,263
2018,7,GANGLTR,WWH,2
2018,7,INVSTG,API,36
2018,7,INVSTG,BLK,11538
2018,7,INVSTG,I,12
2018,7,INVSTG,P,7
2018,7,INVSTG,WHT,150
2018,7,INVSTG,WWH,357
2018,8,GANGLTR,API,1
2018,8,GANGLTR,BLK,353
2018,8,GANGLTR,WHT,3
2018,8,GANGLTR,WWH,32
2018,8,INVSTG,API,41
2018,8,INVSTG,BLK,3079
2018,8,INVSTG,I,13
2018,8,INVSTG,P,10
2018,8,INVSTG,WHI,2
2018,8,INVSTG,WHT,901
2018,8,INVSTG,WWH,3800
2018,9,GANGLTR,BLK,12
2018,9,GANGLTR,WHT,3
2018,9,GANGLTR,WWH,77
2018,9,INVSTG,API,49
2018,9,INVSTG,BLK,2493
2018,9,INVSTG,I,3
2018,9,INVSTG,P,12
2018,9,INVSTG,WBH,1
2018,9,INVSTG,WHI,3
2018,9,INVSTG,WHT,672
2018,9,INVSTG,WWH,3911
2018,10,GANGLTR,API,1
2018,10,GANGLTR,BLK,86
2018,10,GANGLTR,WHT,4
2018,10,GANGLTR,WWH,232
2018,10,INVSTG,API,16
2018,10,INVSTG,BLK,4844
2018,10,INVSTG,I,5
2018,10,INVSTG,P,11
2018,10,INVSTG,WHI,4
2018,10,INVSTG,WHT,336
2018,10,INVSTG,WWH,3264
2018,11,GANGLTR,API,2
2018,11,GANGLTR,BLK,512
2018,11,GANGLTR,P,1
2018,11,GANGLTR,WHT,8
2018,11,GANGLTR,WWH,20
2018,11,INVSTG,API,39
2018,11,INVSTG,BLK,8846
2018,11,INVSTG,I,6
2018,11,INVSTG,P,7
2018,11,INVSTG,U,1
2018,11,INVSTG,WBH,3
2018,11,INVSTG,WHI,10
2018,11,INVSTG,WHT,661
2018,11,INVSTG,WWH,773
2018,12,GANGLTR,BLK,184
2018,12,GANGLTR,WHT,1
2018,12,GANGLTR,WWH,108
2018,12,INVSTG,API,26
2018,12,INVSTG,BLK,2761
2018,12,INVSTG,I,3
2018,12,INVSTG,P,8
2018,12,INVSTG,WHT,481
2018,12,INVSTG,WWH,1547
2018,14,GANGLTR,BLK,1
2018,14,GANGLTR,WWH,5
2018,14,INVSTG,API,27
2018,14,INVSTG,BLK,808
2018,14,INVSTG,I,1
2018,14,INVSTG,P,11
2018,14,INVSTG,WBH,1
2018,14,INVSTG,WHT,550
2018,14,INVSTG,WWH,1536
2018,15,GANGLTR,BLK,345
2018,15,GANGLTR,WHT,1
2018,15,INVSTG,API,12
2018,15,INVSTG,BLK,5011
2018,15,INVSTG,I,5
2018,15,INVSTG,WHI,1
2018,15,INVSTG,WHT,120
2018,15,INVSTG,WWH,270
2018,16,GANGLTR,WWH,3
2018,16,INVSTG,API,92
2018,16,INVSTG,BLK,601
2018,16,INVSTG,I,5
2018,16,INVSTG,P,21
2018,16,INVSTG,WHI,2
2018,16,INVSTG,WHT,1274
2018,16,INVSTG,WWH,1091
2018,17,INVSTG,API,88
2018,17,INVSTG,BLK,369
2018,17,INVSTG,I,3
2018,17,INVSTG,P,11
2018,17,INVSTG,WBH,1
2018,17,INVSTG,WHT,706
2018,17,INVSTG,WWH,1402
2018,18,GANGLTR,API,2
2018,18,GANGLTR,BLK,303
2018,18,GANGLTR,I,1
2018,18,GANGLTR,WHT,19
2018,18,GANGLTR,WWH,5
2018,18,INVSTG,API,45
2018,18,INVSTG,BLK,2299
2018,18,INVSTG,I,8
2018,18,INVSTG,P,6
2018,18,INVSTG,WHI,1
2018,18,INVSTG,WHT,484
2018,18,INVSTG,WWH,376
2018,19,GANGLTR,API,1
2018,19,GANGLTR,BLK,79
2018,19,GANGLTR,WHT,1
2018,19,GANGLTR,WWH,1
2018,19,INVSTG,API,43
2018,19,INVSTG,BLK,1496
2018,19,INVSTG,I,11
2018,19,INVSTG,P,10
2018,19,INVSTG,WHI,4
2018,19,INVSTG,WHT,720
2018,19,INVSTG,WWH,609
2018,20,GANGLTR,BLK,51
2018,20,GANGLTR,WWH,6
2018,20,INVSTG,API,115
2018,20,INVSTG,BLK,757
2018,20,INVSTG,I,13
2018,20,INVSTG,P,14
2018,20,INVSTG,WHI,1
2018,20,INVSTG,WHT,766
2018,20,INVSTG,WWH,753
2018,22,GANGLTR,BLK,22
2018,22,INVSTG,API,11
2018,22,INVSTG,BLK,2803
2018,22,INVSTG,I,4
2018,22,INVSTG,P,2
2018,22,INVSTG,WHT,283
2018,22,INVSTG,WWH,85
2018,24,GANGLTR,BLK,21
2018,24,GANGLTR,WHT,1
2018,24,INVSTG,API,237
2018,24,INVSTG,BLK,2164
2018,24,INVSTG,I,10
2018,24,INVSTG,P,41
2018,24,INVSTG,WHI,2
2018,24,INVSTG,WHT,793
2018,24,INVSTG,WWH,994
2018,25,GANGLTR,BLK,73
2018,25,GANGLTR,I,2
2018,25,GANGLTR,WHT,2
2018,25,GANGLTR,WWH,35
2018,25,INVSTG,API,23
2018,25,INVSTG,BLK,2805
2018,25,INVSTG,I,9
2018,25,INVSTG,P,11
2018,25,INVSTG,WHI,2
2018,25,INVSTG,WHT,902
2018,25,INVSTG,WWH,4362
2018,31,GANGLTR,BLK,2
2018,31,GANGLTR,WWH,1
2018,31,INVSTG,API,2
2018,31,INVSTG,BLK,175
2018,31,INVSTG,WHT,26
2018,31,INVSTG,WWH,44
2018,41,GANGLTR,BLK,1
2018,41,INVSTG,BLK,8
2018,41,INVSTG,WHT,1
2018,41,INVSTG,WWH,4
2018,51,INVSTG,BLK,1
2019,1,GANGLTR,BLK,2
2019,1,INVSTG,API,68
2019,1,INVSTG,BLK,4192
2019,1,INVSTG,I,15
2019,1,INVSTG,P,20
2019,1,INVSTG,WHI,3
2019,1,INVSTG,WHT,988
2019,1,INVSTG,WWH,626
2019,2,GANGLTR,API,1
2019,2,GANGLTR,BLK,227
2019,2,GANGLTR,WWH,1
2019,2,INVSTG,API,19
2019,2,INVSTG,BLK,5980
2019,2,INVSTG,I,10
2019,2,INVSTG,P,1
2019,2,INVSTG,WHI,1
2019,2,INVSTG,WHT,99
2019,2,INVSTG,WWH,112
2019,3,GANGLTR,API,1
2019,3,GANGLTR,BLK,277
2019,3,GANGLTR,I,1
2019,3,GANGLTR,WHT,1
2019,3,GANGLTR,WWH,1
2019,3,INVSTG,API,22
2019,3,INVSTG,BLK,5157
2019,3,INVSTG,I,5
2019,3,INVSTG,P,1
2019,3,INVSTG,WHT,45
2019,3,INVSTG,WWH,58
2019,4,GANGLTR,API,2
2019,4,GANGLTR,BLK,762
2019,4,GANGLTR,WHT,4
2019,4,GANGLTR,WWH,12
2019,4,INVSTG,API,28
2019,4,INVSTG,BLK,11144
2019,4,INVSTG,I,10
2019,4,INVSTG,P,13
2019,4,INVSTG,WBH,1
2019,4,INVSTG,WHI,1
2019,4,INVSTG,WHT,392
2019,4,INVSTG,WWH,2156
2019,5,GANGLTR,BLK,62
2019,5,GANGLTR,WHT,1
2019,5,GANGLTR,WWH,1
2019,5,INVSTG,API,13
2019,5,INVSTG,BLK,6875
2019,5,INVSTG,I,2
2019,5,INVSTG,P,2
2019,5,INVSTG,U,1
2019,5,INVSTG,WHT,120
2019,5,INVSTG,WWH,140
2019,6,GANGLTR,API,3
2019,6,GANGLTR,BLK,462
2019,6,GANGLTR,WHT,4
2019,6,INVSTG,API,19
2019,6,INVSTG,BLK,7769
2019,6,INVSTG,I,2
2019,6,INVSTG,P,4
2019,6,INVSTG,U,1
2019,6,INVSTG,WHT,107
2019,6,INVSTG,WWH,105
2019,7,GANGLTR,BLK,92
2019,7,INVSTG,API,37
2019,7,INVSTG,BLK,14661
2019,7,INVSTG,I,12
2019,7,INVSTG,P,9
2019,7,INVSTG,WHT,187
2019,7,INVSTG,WWH,489
2019,8,GANGLTR,API,1
2019,8,GANGLTR,BLK,212
2019,8,GANGLTR,I,2
2019,8,GANGLTR,WHT,1
2019,8,GANGLTR,WWH,5
2019,8,INVSTG,API,51
2019,8,INVSTG,BLK,4622
2019,8,INVSTG,I,13
2019,8,INVSTG,P,12
2019,8,INVSTG,WHI,2
2019,8,INVSTG,WHT,1186
2019,8,INVSTG,WWH,5801
2019,9,GANGLTR,BLK,45
2019,9,GANGLTR,WHT,9
2019,9,GANGLTR,WWH,457
2019,9,INVSTG,API,49
2019,9,INVSTG,BLK,2984
2019,9,INVSTG,I,2
2019,9,INVSTG,P,10
2019,9,INVSTG,WHI,2
2019,9,INVSTG,WHT,842
2019,9,INVSTG,WWH,5755
2019,10,GANGLTR,BLK,29
2019,10,GANGLTR,P,1
2019,10,GANGLTR,WHT,2
2019,10,GANGLTR,WWH,131
2019,10,INVSTG,API,13
2019,10,INVSTG,BLK,4046
2019,10,INVSTG,I,1
2019,10,INVSTG,P,6
2019,10,INVSTG,WHI,3
2019,10,INVSTG,WHT,275
2019,10,INVSTG,WWH,2949
2019,11,GANGLTR,API,4
2019,11,GANGLTR,BLK,568
2019,11,GANGLTR,I,2
2019,11,GANGLTR,WHT,6
2019,11,GANGLTR,WWH,16
2019,11,INVSTG,API,38
2019,11,INVSTG,BLK,10146
2019,11,INVSTG,I,15
2019,11,INVSTG,P,12
2019,11,INVSTG,U,1
2019,11,INVSTG,WBH,1
2019,11,INVSTG,WHI,10
2019,11,INVSTG,WHT,929
2019,11,INVSTG,WWH,1007
2019,12,GANGLTR,BLK,155
2019,12,GANGLTR,WHT,5
2019,12,GANGLTR,WWH,318
2019,12,INVSTG,API,33
2019,12,INVSTG,BLK,3119
2019,12,INVSTG,I,4
2019,12,INVSTG,P,8
2019,12,INVSTG,WHI,3
2019,12,INVSTG,WHT,445
2019,12,INVSTG,WWH,1669
2019,14,GANGLTR,BLK,9
2019,14,GANGLTR,WWH,26
2019,14,INVSTG,API,50
2019,14,INVSTG,BLK,1420
2019,14,INVSTG,I,3
2019,14,INVSTG,P,9
2019,14,INVSTG,WHT,839
2019,14,INVSTG,WWH,2659
2019,15,GANGLTR,API,1
2019,15,GANGLTR,BLK,144
2019,15,GANGLTR,WWH,2
2019,15,INVSTG,API,11
2019,15,INVSTG,BLK,4961
2019,15,INVSTG,I,3
2019,15,INVSTG,P,2
2019,15,INVSTG,WHT,121
2019,15,INVSTG,WWH,285
2019,16,GANGLTR,WHT,2
2019,16,INVSTG,API,97
2019,16,INVSTG,BLK,579
2019,16,INVSTG,I,7
2019,16,INVSTG,P,29
2019,16,INVSTG,WHI,2
2019,16,INVSTG,WHT,1708
2019,16,INVSTG,WWH,1223
2019,17,INVSTG,API,102
2019,17,INVSTG,BLK,507
2019,17,INVSTG,I,11
2019,17,INVSTG,P,9
2019,17,INVSTG,WHI,1
2019,17,INVSTG,WHT,629
2019,17,INVSTG,WWH,1751
2019,18,GANGLTR,API,1
2019,18,GANGLTR,BLK,291
2019,18,GANGLTR,WHT,14
2019,18,GANGLTR,WWH,6
2019,18,INVSTG,API,75
2019,18,INVSTG,BLK,3770
2019,18,INVSTG,I,12
2019,18,INVSTG,P,14
2019,18,INVSTG,WHI,3
2019,18,INVSTG,WHT,733
2019,18,INVSTG,WWH,651
2019,19,GANGLTR,API,1
2019,19,GANGLTR,BLK,108
2019,19,GANGLTR,WWH,2
2019,19,INVSTG,API,91
2019,19,INVSTG,BLK,2050
2019,19,INVSTG,I,26
2019,19,INVSTG,P,18
2019,19,INVSTG,WHI,4
2019,19,INVSTG,WHT,1111
2019,19,INVSTG,WWH,906
2019,20,GANGLTR,API,1
2019,20,GANGLTR,BLK,118
2019,20,GANGLTR,WWH,11
2019,20,INVSTG,API,163
2019,20,INVSTG,BLK,959
2019,20,INVSTG,I,23
2019,20,INVSTG,P,13
2019,20,INVSTG,WHT,902
2019,20,INVSTG,WWH,855
2019,22,GANGLTR,BLK,5
2019,22,GANGLTR,I,1
2019,22,INVSTG,API,10
2019,22,INVSTG,BLK,2977
2019,22,INVSTG,I,3
2019,22,INVSTG,P,2
2019,22,INVSTG,WHT,226
2019,22,INVSTG,WWH,60
2019,24,GANGLTR,BLK,63
2019,24,GANGLTR,WHT,3
2019,24,INVSTG,API,462
2019,24,INVSTG,BLK,2388
2019,24,INVSTG,I,29
2019,24,INVSTG,P,41
2019,24,INVSTG,WHI,1
2019,24,INVSTG,WHT,1048
2019,24,INVSTG,WWH,1518
2019,25,GANGLTR,BLK,94
2019,25,GANGLTR,WHT,4
2019,25,GANGLTR,WWH,12
2019,25,INVSTG,API,28
2019,25,INVSTG,BLK,2285
2019,25,INVSTG,I,8
2019,25,INVSTG,P,8
2019,25,INVSTG,WBH,1
2019,25,INVSTG,WHI,4
2019,25,INVSTG,WHT,520
2019,25,INVSTG,WWH,3705
2019,31,GANGLTR,BLK,1
2019,31,INVSTG,API,3
2019,31,INVSTG,BLK,208
2019,31,INVSTG,I,1
2019,31,INVSTG,P,2
2019,31,INVSTG,WHI,1
2019,31,INVSTG,WHT,30
2019,31,INVSTG,WWH,62
2019,41,INVSTG,API,1
2019,41,INVSTG,BLK,15
2019,41,INVSTG,WWH,1
2020,1,INVSTG,API,44
2020,1,INVSTG,BLK,3363
2020,1,INVSTG,I,7
2020,1,INVSTG,P,3
2020,1,INVSTG,WHI,1
2020,1,INVSTG,WHT,614
2020,1,INVSTG,WWH,646
2020,1,PRO,BLK,1
2020,2,GANGLTR,BLK,72
2020,2,INVSTG,API,12
2020,2,INVSTG,BLK,2152
2020,2,INVSTG,I,5
2020,2,INVSTG,P,2
2020,2,INVSTG,WHT,52
2020,2,INVSTG,WWH,52
2020,3,GANGLTR,BLK,107
2020,3,GANGLTR,WWH,1
2020,3,INVSTG,API,8
2020,3,INVSTG,BLK,2368
2020,3,INVSTG,I,2
2020,3,INVSTG,P,1
2020,3,INVSTG,WHT,24
2020,3,INVSTG,WWH,37
2020,3,PRO,WHT,1
2020,4,GANGLTR,BLK,228
2020,4,GANGLTR,WHT,2
2020,4,GANGLTR,WWH,1
2020,4,INVSTG,API,9
2020,4,INVSTG,BLK,4042
2020,4,INVSTG,I,2
2020,4,INVSTG,P,2
2020,4,INVSTG,WHT,152
2020,4,INVSTG,WWH,736
2020,4,PRO,BLK,2
2020,5,GANGLTR,BLK,4
2020,5,INVSTG,API,11
2020,5,INVSTG,BLK,3394
2020,5,INVSTG,I,4
2020,5,INVSTG,P,1
2020,5,INVSTG,WHT,67
2020,5,INVSTG,WWH,89
2020,5,PRO,BLK,6
2020,6,GANGLTR,BLK,58
2020,6,INVSTG,API,7
2020,6,INVSTG,BLK,4131
2020,6,INVSTG,I,2
2020,6,INVSTG,P,1
2020,6,INVSTG,WHT,42
2020,6,INVSTG,WWH,67
2020,7,GANGLTR,BLK,13
2020,7,INVSTG,API,19
2020,7,INVSTG,BLK,9591
2020,7,INVSTG,I,4
2020,7,INVSTG,P,3
2020,7,INVSTG,WHT,163
2020,7,INVSTG,WWH,348
2020,7,PRO,BLK,2
2020,8,GANGLTR,API,1
2020,8,GANGLTR,BLK,111
2020,8,GANGLTR,WHT,2
2020,8,GANGLTR,WWH,3
2020,8,INVSTG,API,40
2020,8,INVSTG,BLK,2255
2020,8,INVSTG,I,1
2020,8,INVSTG,P,9
2020,8,INVSTG,WHT,582
2020,8,INVSTG,WWH,3016
2020,8,PRO,WHT,7
2020,8,PRO,WWH,3
2020,9,GANGLTR,BLK,11
2020,9,GANGLTR,WHT,10
2020,9,GANGLTR,WWH,171
2020,9,INVSTG,API,36
2020,9,INVSTG,BLK,1690
2020,9,INVSTG,I,1
2020,9,INVSTG,P,4
2020,9,INVSTG,WHT,468
2020,9,INVSTG,WWH,3056
2020,10,GANGLTR,BLK,4
2020,10,GANGLTR,WWH,57
2020,10,INVSTG,API,11
2020,10,INVSTG,BLK,1505
2020,10,INVSTG,P,2
2020,10,INVSTG,WHI,4
2020,10,INVSTG,WHT,131
2020,10,INVSTG,WWH,1286
2020,11,GANGLTR,API,1
2020,11,GANGLTR,BLK,171
2020,11,GANGLTR,WHT,5
2020,11,GANGLTR,WWH,11
2020,11,INVSTG,API,16
2020,11,INVSTG,BLK,6075
2020,11,INVSTG,I,6
2020,11,INVSTG,P,4
2020,11,INVSTG,WBH,2
2020,11,INVSTG,WHI,13
2020,11,INVSTG,WHT,576
2020,11,INVSTG,WWH,826
2020,11,PRO,BLK,2
2020,11,PRO,WHT,2
2020,12,GANGLTR,BLK,32
2020,12,GANGLTR,WWH,108
2020,12,INVSTG,API,21
2020,12,INVSTG,BLK,1631
2020,12,INVSTG,I,2
2020,12,INVSTG,P,3
2020,12,INVSTG,WHI,1
2020,12,INVSTG,WHT,195
2020,12,INVSTG,WWH,921
2020,12,PRO,BLK,8
2020,14,GANGLTR,BLK,4
2020,14,GANGLTR,WHT,2
2020,14,GANGLTR,WWH,31
2020,14,INVSTG,API,25
2020,14,INVSTG,BLK,894
2020,14,INVSTG,I,2
2020,14,INVSTG,P,6
2020,14,INVSTG,WBH,1
2020,14,INVSTG,WHI,2
2020,14,INVSTG,WHT,495
2020,14,INVSTG,WWH,1569
2020,14,PRO,BLK,1
2020,14,PRO,WHT,1
2020,15,GANGLTR,BLK,65
2020,15,INVSTG,API,7
2020,15,INVSTG,BLK,3012
2020,15,INVSTG,I,3
2020,15,INVSTG,P,3
2020,15,INVSTG,WHT,61
2020,15,INVSTG,WWH,143
2020,16,INVSTG,API,53
2020,16,INVSTG,BLK,432
2020,16,INVSTG,I,4
2020,16,INVSTG,P,17
2020,16,INVSTG,WHI,1
2020,16,INVSTG,WHT,989
2020,16,INVSTG,WWH,673
2020,17,INVSTG,API,55
2020,17,INVSTG,BLK,268
2020,17,INVSTG,I,1
2020,17,INVSTG,P,10
2020,17,INVSTG,WHT,300
2020,17,INVSTG,WWH,912
2020,18,GANGLTR,BLK,87
2020,18,GANGLTR,WHT,1
2020,18,INVSTG,API,38
2020,18,INVSTG,BLK,2123
2020,18,INVSTG,I,11
2020,18,INVSTG,P,4
2020,18,INVSTG,WBH,1
2020,18,INVSTG,WHI,1
2020,18,INVSTG,WHT,393
2020,18,INVSTG,WWH,417
2020,18,PRO,BLK,2
2020,19,GANGLTR,BLK,88
2020,19,GANGLTR,WWH,1
2020,19,INVSTG,API,60
2020,19,INVSTG,BLK,1360
2020,19,INVSTG,I,18
2020,19,INVSTG,P,10
2020,19,INVSTG,WBH,1
2020,19,INVSTG,WHI,3
2020,19,INVSTG,WHT,551
2020,19,INVSTG,WWH,463
2020,20,GANGLTR,BLK,54
2020,20,GANGLTR,WWH,1
2020,20,INVSTG,API,51
2020,20,INVSTG,BLK,586
2020,20,INVSTG,I,12
2020,20,INVSTG,P,2
2020,20,INVSTG,WHT,379
2020,20,INVSTG,WWH,386
2020,22,INVSTG,API,10
2020,22,INVSTG,BLK,1728
2020,22,INVSTG,I,2
2020,22,INVSTG,P,1
2020,22,INVSTG,WHI,1
2020,22,INVSTG,WHT,144
2020,22,INVSTG,WWH,42
2020,24,GANGLTR,BLK,111
2020,24,INVSTG,API,233
2020,24,INVSTG,BLK,1244
2020,24,INVSTG,I,15
2020,24,INVSTG,P,10
2020,24,INVSTG,WHT,425
2020,24,INVSTG,WWH,627
2020,24,PRO,BLK,2
2020,24,PRO,WHT,1
2020,25,GANGLTR,BLK,7
2020,25,GANGLTR,WWH,5
2020,25,INVSTG,API,28
2020,25,INVSTG,BLK,2144
2020,25,INVSTG,I,6
2020,25,INVSTG,P,11
2020,25,INVSTG,WBH,3
2020,25,INVSTG,WHT,554
2020,25,INVSTG,WWH,3511
2020,25,PRO,BLK,2
2020,25,PRO,WHT,4
2020,25,PRO,WWH,7
2020,31,GANGLTR,BLK,2
2020,31,GANGLTR,WHI,1
2020,31,INVSTG,API,3
2020,31,INVSTG,BLK,176
2020,31,INVSTG,I,1
2020,31,INVSTG,WHT,24
2020,31,INVSTG,WWH,44
2020,31,PRO,BLK,1
2020,41,INVSTG,BLK,1
2021,1,INVSTG,API,38
2021,1,INVSTG,BLK,1915
2021,1,INVSTG,I,7
2021,1,INVSTG,P,3
2021,1,INVSTG,WHI,1
2021,1,INVSTG,WHT,337
2021,1,INVSTG,WWH,570
2021,2,GANGLTR,BLK,95
2021,2,INVSTG,API,10
2021,2,INVSTG,BLK,1858
2021,2,INVSTG,I,4
2021,2,INVSTG,P,3
2021,2,INVSTG,WHT,26
2021,2,INVSTG,WWH,37
2021,3,GANGLTR,BLK,167
2021,3,GANGLTR,WWH,2
2021,3,INVSTG,API,17
2021,3,INVSTG,BLK,1870
2021,3,INVSTG,I,3
2021,3,INVSTG,WHT,24
2021,3,INVSTG,WWH,29
2021,4,GANGLTR,API,1
2021,4,GANGLTR,BLK,189
2021,4,GANGLTR,P,1
2021,4,GANGLTR,WHT,2
2021,4,GANGLTR,WWH,8
2021,4,INVSTG,API,12
2021,4,INVSTG,BLK,2765
2021,4,INVSTG,I,1
2021,4,INVSTG,P,2
2021,4,INVSTG,WHT,81
2021,4,INVSTG,WWH,519
2021,5,GANGLTR,BLK,49
2021,5,GANGLTR,WHT,3
2021,5,INVSTG,API,14
2021,5,INVSTG,BLK,2993
2021,5,INVSTG,P,1
2021,5,INVSTG,WHT,49
2021,5,INVSTG,WWH,70
2021,6,GANGLTR,BLK,104
2021,6,INVSTG,API,8
2021,6,INVSTG,BLK,3530
2021,6,INVSTG,I,3
2021,6,INVSTG,P,3
2021,6,INVSTG,WHT,31
2021,6,INVSTG,WWH,59
2021,7,GANGLTR,BLK,31
2021,7,INVSTG,API,10
2021,7,INVSTG,BLK,5598
2021,7,INVSTG,I,1
2021,7,INVSTG,P,2
2021,7,INVSTG,WHT,61
2021,7,INVSTG,WWH,265
2021,7,PRO,BLK,1
2021,8,GANGLTR,API,1
2021,8,GANGLTR,BLK,285
2021,8,GANGLTR,WHT,3
2021,8,GANGLTR,WWH,6
2021,8,INVSTG,API,17
2021,8,INVSTG,BLK,1794
2021,8,INVSTG,I,2
2021,8,INVSTG,P,5
2021,8,INVSTG,WHT,302
2021,8,INVSTG,WWH,1799
2021,8,PRO,BLK,2
2021,8,PRO,WHT,4
2021,9,GANGLTR,BLK,1
2021,9,GANGLTR,WWH,71
2021,9,INVSTG,API,20
2021,9,INVSTG,BLK,1114
2021,9,INVSTG,I,4
2021,9,INVSTG,P,1
2021,9,INVSTG,WHI,1
2021,9,INVSTG,WHT,281
2021,9,INVSTG,WWH,1673
2021,10,GANGLTR,BLK,7
2021,10,GANGLTR,WWH,47
2021,10,INVSTG,API,7
2021,10,INVSTG,BLK,1757
2021,10,INVSTG,I,3
2021,10,INVSTG,P,7
2021,10,INVSTG,WHT,58
2021,10,INVSTG,WWH,1406
2021,11,GANGLTR,API,1
2021,11,GANGLTR,BLK,162
2021,11,GANGLTR,WHT,2
2021,11,GANGLTR,WWH,6
2021,11,INVSTG,API,23
2021,11,INVSTG,BLK,7287
2021,11,INVSTG,I,5
2021,11,INVSTG,P,8
2021,11,INVSTG,WBH,2
2021,11,INVSTG,WHI,10
2021,11,INVSTG,WHT,518
2021,11,INVSTG,WWH,901
2021,11,PRO,BLK,2
2021,12,GANGLTR,API,1
2021,12,GANGLTR,BLK,176
2021,12,GANGLTR,WHT,7
2021,12,GANGLTR,WWH,132
2021,12,INVSTG,API,16
2021,12,INVSTG,BLK,1292
2021,12,INVSTG,I,1
2021,12,INVSTG,P,3
2021,12,INVSTG,WHI,1
2021,12,INVSTG,WHT,141
2021,12,INVSTG,WWH,856
2021,12,PRO,WWH,1
2021,14,INVSTG,API,21
2021,14,INVSTG,BLK,640
2021,14,INVSTG,P,2
2021,14,INVSTG,WHT,227
2021,14,INVSTG,WWH,985
2021,14,PRO,WHT,1
2021,15,GANGLTR,API,2
2021,15,GANGLTR,BLK,253
2021,15,GANGLTR,WWH,4
2021,15,INVSTG,API,4
2021,15,INVSTG,BLK,2657
2021,15,INVSTG,I,3
2021,15,INVSTG,P,3
2021,15,INVSTG,WHI,1
2021,15,INVSTG,WHT,49
2021,15,INVSTG,WWH,138
2021,15,PRO,BLK,2
2021,16,INVSTG,API,34
2021,16,INVSTG,BLK,531
2021,16,INVSTG,P,11
2021,16,INVSTG,WHT,751
2021,16,INVSTG,WWH,580
2021,16,PRO,WWH,1
2021,17,GANGLTR,WHT,1
2021,17,GANGLTR,WWH,3
2021,17,INVSTG,API,43
2021,17,INVSTG,BLK,243
2021,17,INVSTG,I,5
2021,17,INVSTG,P,3
2021,17,INVSTG,WHT,189
2021,17,INVSTG,WWH,657
2021,18,GANGLTR,API,5
2021,18,GANGLTR,BLK,265
2021,18,GANGLTR,WHT,4
2021,18,GANGLTR,WWH,2
2021,18,INVSTG,API,51
2021,18,INVSTG,BLK,1976
2021,18,INVSTG,I,6
2021,18,INVSTG,P,6
2021,18,INVSTG,WHI,1
2021,18,INVSTG,WHT,404
2021,18,INVSTG,WWH,394
2021,19,GANGLTR,API,1
2021,19,GANGLTR,BLK,46
2021,19,GANGLTR,WHT,1
2021,19,GANGLTR,WWH,4
2021,19,INVSTG,API,75
2021,19,INVSTG,BLK,1187
2021,19,INVSTG,I,7
2021,19,INVSTG,P,6
2021,19,INVSTG,WBH,1
2021,19,INVSTG,WHI,3
2021,19,INVSTG,WHT,474
2021,19,INVSTG,WWH,612
2021,19,PRO,BLK,1
2021,20,GANGLTR,BLK,35
2021,20,GANGLTR,WHT,2
2021,20,GANGLTR,WWH,3
2021,20,INVSTG,API,63
2021,20,INVSTG,BLK,622
2021,20,INVSTG,I,15
2021,20,INVSTG,P,13
2021,20,INVSTG,WHT,361
2021,20,INVSTG,WWH,321
2021,22,INVSTG,API,8
2021,22,INVSTG,BLK,1809
2021,22,INVSTG,P,1
2021,22,INVSTG,WHT,65
2021,22,INVSTG,WWH,40
2021,24,GANGLTR,BLK,125
2021,24,GANGLTR,WHT,2
2021,24,GANGLTR,WWH,6
2021,24,INVSTG,API,189
2021,24,INVSTG,BLK,860
2021,24,INVSTG,I,9
2021,24,INVSTG,P,8
2021,24,INVSTG,WBH,1
2021,24,INVSTG,WHT,238
2021,24,INVSTG,WWH,511
2021,25,GANGLTR,BLK,47
2021,25,GANGLTR,WWH,4
2021,25,INVSTG,API,20
2021,25,INVSTG,BLK,1483
2021,25,INVSTG,I,2
2021,25,INVSTG,P,3
2021,25,INVSTG,WHI,3
2021,25,INVSTG,WHT,263
2021,25,INVSTG,WWH,1865
2021,25,PRO,WHT,8
2021,31,GANGLTR,BLK,2
2021,31,INVSTG,BLK,140
2021,31,INVSTG,WHI,1
2021,31,INVSTG,WHT,10
2021,31,INVSTG,WWH,15
2021,41,INVSTG,BLK,4
2021,41,INVSTG,WHT,1
2021,51,INVSTG,WHT,2
2022,1,GANGLTR,BLK,4
2022,1,INVSTG,API,33
2022,1,INVSTG,BLK,2449
2022,1,INVSTG,I,9
2022,1,INVSTG,P,3
2022,1,INVSTG,WHT,344
2022,1,INVSTG,WWH,586
2022,1,PRO,BLK,2
2022,2,GANGLTR,API,1
2022,2,GANGLTR,BLK,69
2022,2,INVSTG,API,9
2022,2,INVSTG,BLK,2958
2022,2,INVSTG,P,2
2022,2,INVSTG,WHT,42
2022,2,INVSTG,WWH,90
2022,3,GANGLTR,BLK,100
2022,3,INVSTG,API,5
2022,3,INVSTG,BLK,2082
2022,3,INVSTG,I,3
2022,3,INVSTG,P,1
2022,3,INVSTG,WHT,16
2022,3,INVSTG,WWH,57
2022,3,PRO,BLK,1
2022,4,GANGLTR,BLK,30
2022,4,INVSTG,API,5
2022,4,INVSTG,BLK,2645
2022,4,INVSTG,I,1
2022,4,INVSTG,P,3
2022,4,INVSTG,WBH,1
2022,4,INVSTG,WHT,72
2022,4,INVSTG,WWH,441
2022,5,GANGLTR,BLK,7
2022,5,INVSTG,API,12
2022,5,INVSTG,BLK,3640
2022,5,INVSTG,I,1
2022,5,INVSTG,P,4
2022,5,INVSTG,WBH,1
2022,5,INVSTG,WHI,1
2022,5,INVSTG,WHT,48
2022,5,INVSTG,WWH,67
2022,6,GANGLTR,BLK,20
2022,6,INVSTG,API,12
2022,6,INVSTG,BLK,3374
2022,6,INVSTG,I,3
2022,6,INVSTG,P,2
2022,6,INVSTG,WHT,43
2022,6,INVSTG,WWH,57
2022,7,GANGLTR,BLK,35
2022,7,INVSTG,API,12
2022,7,INVSTG,BLK,3833
2022,7,INVSTG,I,3
2022,7,INVSTG,P,4
2022,7,INVSTG,WHT,55
2022,7,INVSTG,WWH,224
2022,8,GANGLTR,BLK,116
2022,8,INVSTG,API,9
2022,8,INVSTG,BLK,1380
2022,8,INVSTG,I,2
2022,8,INVSTG,WHT,185
2022,8,INVSTG,WWH,1488
2022,8,PRO,WHT,1
2022,8,PRO,WWH,2
2022,9,GANGLTR,WWH,10
2022,9,INVSTG,API,18
2022,9,INVSTG,BLK,1333
2022,9,INVSTG,I,6
2022,9,INVSTG,P,4
2022,9,INVSTG,WHT,180
2022,9,INVSTG,WWH,1449
2022,9,PRO,BLK,1
2022,10,GANGLTR,BLK,13
2022,10,GANGLTR,WWH,119
2022,10,INVSTG,API,7
2022,10,INVSTG,BLK,1954
2022,10,INVSTG,I,2
2022,10,INVSTG,P,2
2022,10,INVSTG,WBH,1
2022,10,INVSTG,WHT,91
2022,10,INVSTG,WWH,1605
2022,11,GANGLTR,API,1
2022,11,GANGLTR,BLK,122
2022,11,GANGLTR,WWH,3
2022,11,INVSTG,API,21
2022,11,INVSTG,BLK,4749
2022,11,INVSTG,I,3
2022,11,INVSTG,P,1
2022,11,INVSTG,WBH,1
2022,11,INVSTG,WHI,2
2022,11,INVSTG,WHT,316
2022,11,INVSTG,WWH,592
2022,11,PRO,BLK,2
2022,12,GANGLTR,API,1
2022,12,GANGLTR,BLK,63
2022,12,GANGLTR,WHT,2
2022,12,GANGLTR,WWH,76
2022,12,INVSTG,API,18
2022,12,INVSTG,BLK,1962
2022,12,INVSTG,P,6
2022,12,INVSTG,WHT,209
2022,12,INVSTG,WWH,1263
2022,14,GANGLTR,WWH,3
2022,14,INVSTG,API,12
2022,14,INVSTG,BLK,806
2022,14,INVSTG,I,1
2022,14,INVSTG,P,5
2022,14,INVSTG,WHT,179
2022,14,INVSTG,WWH,968
2022,15,GANGLTR,API,1
2022,15,GANGLTR,BLK,198
2022,15,GANGLTR,WWH,1
2022,15,INVSTG,API,7
2022,15,INVSTG,BLK,2325
2022,15,INVSTG,I,1
2022,15,INVSTG,P,3
2022,15,INVSTG,WHI,1
2022,15,INVSTG,WHT,25
2022,15,INVSTG,WWH,130
2022,16,INVSTG,API,31
2022,16,INVSTG,BLK,699
2022,16,INVSTG,I,2
2022,16,INVSTG,P,20
2022,16,INVSTG,WBH,1
2022,16,INVSTG,WHI,5
2022,16,INVSTG,WHT,1057
2022,16,INVSTG,WWH,815
2022,16,PRO,WHT,1
2022,17,INVSTG,API,52
2022,17,INVSTG,BLK,356
2022,17,INVSTG,I,4
2022,17,INVSTG,P,4
2022,17,INVSTG,WHI,1
2022,17,INVSTG,WHT,233
2022,17,INVSTG,WWH,1036
2022,18,GANGLTR,API,1
2022,18,GANGLTR,BLK,327
2022,18,GANGLTR,WHT,52
2022,18,GANGLTR,WWH,14
2022,18,INVSTG,API,26
2022,18,INVSTG,BLK,2350
2022,18,INVSTG,I,6
2022,18,INVSTG,P,4
2022,18,INVSTG,WHI,1
2022,18,INVSTG,WHT,311
2022,18,INVSTG,WWH,431
2022,19,GANGLTR,BLK,29
2022,19,GANGLTR,WWH,3
2022,19,INVSTG,API,74
2022,19,INVSTG,BLK,1221
2022,19,INVSTG,I,10
2022,19,INVSTG,P,8
2022,19,INVSTG,WHI,1
2022,19,INVSTG,WHT,460
2022,19,INVSTG,WWH,642
2022,20,GANGLTR,API,2
2022,20,GANGLTR,BLK,15
2022,20,GANGLTR,WWH,3
2022,20,INVSTG,API,88
2022,20,INVSTG,BLK,945
2022,20,INVSTG,I,11
2022,20,INVSTG,P,9
2022,20,INVSTG,WHT,491
2022,20,INVSTG,WWH,566
2022,22,GANGLTR,BLK,2
2022,22,INVSTG,API,6
2022,22,INVSTG,BLK,2118
2022,22,INVSTG,P,1
2022,22,INVSTG,WHT,77
2022,22,INVSTG,WWH,62
2022,24,GANGLTR,BLK,37
2022,24,GANGLTR,WHT,3
2022,24,GANGLTR,WWH,4
2022,24,INVSTG,API,212
2022,24,INVSTG,BLK,1445
2022,24,INVSTG,I,5
2022,24,INVSTG,P,4
2022,24,INVSTG,WHI,1
2022,24,INVSTG,WHT,367
2022,24,INVSTG,WWH,742
2022,24,PRO,BLK,1
2022,25,GANGLTR,API,1
2022,25,GANGLTR,BLK,50
2022,25,GANGLTR,WWH,1
2022,25,INVSTG,API,17
2022,25,INVSTG,BLK,1325
2022,25,INVSTG,I,2
2022,25,INVSTG,P,4
2022,25,INVSTG,WHI,1
2022,25,INVSTG,WHT,208
2022,25,INVSTG,WWH,1987
2022,25,PRO,BLK,1
2022,25,PRO,WHT,5
2022,31,INVSTG,API,4
2022,31,INVSTG,BLK,128
2022,31,INVSTG,WHI,1
2022,31,INVSTG,WHT,17
2022,31,INVSTG,WWH,50
2022,41,INVSTG,WWH,2
2023,1,GANGLTR,BLK,1
2023,1,GANGLTR,WWH,4
2023,1,INVSTG,API,48
2023,1,INVSTG,BLK,3359
2023,1,INVSTG,I,9
2023,1,INVSTG,P,5
2023,1,INVSTG,WHI,2
2023,1,INVSTG,WHT,460
2023,1,INVSTG,WWH,1195
2023,2,GANGLTR,BLK,32
2023,2,GANGLTR,WWH,1
2023,2,INVSTG,API,9
2023,2,INVSTG,BLK,3646
2023,2,INVSTG,I,1
2023,2,INVSTG,WHT,29
2023,2,INVSTG,WWH,93
2023,2,PRO,BLK,1
2023,3,GANGLTR,API,2
2023,3,GANGLTR,BLK,175
2023,3,GANGLTR,WWH,1
2023,3,INVSTG,API,9
2023,3,INVSTG,BLK,2155
2023,3,INVSTG,I,1
2023,3,INVSTG,P,1
2023,3,INVSTG,WHT,17
2023,3,INVSTG,WWH,71
2023,4,GANGLTR,BLK,6
2023,4,GANGLTR,WWH,1
2023,4,INVSTG,API,8
2023,4,INVSTG,BLK,2159
2023,4,INVSTG,I,2
2023,4,INVSTG,WHI,1
2023,4,INVSTG,WHT,70
2023,4,INVSTG,WWH,471
2023,5,INVSTG,API,14
2023,5,INVSTG,BLK,3961
2023,5,INVSTG,P,3
2023,5,INVSTG,WHT,76
2023,5,INVSTG,WWH,102
2023,5,PRO,BLK,1
2023,6,INVSTG,API,12
2023,6,INVSTG,BLK,4393
2023,6,INVSTG,I,4
2023,6,INVSTG,P,4
2023,6,INVSTG,WHI,1
2023,6,INVSTG,WHT,55
2023,6,INVSTG,WWH,94
2023,7,GANGLTR,BLK,9
2023,7,INVSTG,API,19
2023,7,INVSTG,BLK,5037
2023,7,INVSTG,I,4
2023,7,INVSTG,P,2
2023,7,INVSTG,WHT,82
2023,7,INVSTG,WWH,426
2023,7,PRO,BLK,1
2023,8,GANGLTR,BLK,85
2023,8,GANGLTR,WWH,5
2023,8,INVSTG,API,8
2023,8,INVSTG,BLK,1357
2023,8,INVSTG,I,1
2023,8,INVSTG,P,3
2023,8,INVSTG,WHI,1
2023,8,INVSTG,WHT,248
2023,8,INVSTG,WWH,1870
2023,8,PRO,BLK,5
2023,8,PRO,WHT,6
2023,8,PRO,WWH,2
2023,9,GANGLTR,WWH,6
2023,9,INVSTG,API,21
2023,9,INVSTG,BLK,1379
2023,9,INVSTG,I,3
2023,9,INVSTG,P,2
2023,9,INVSTG,WHI,1
2023,9,INVSTG,WHT,214
2023,9,INVSTG,WWH,1804
2023,10,GANGLTR,BLK,1
2023,10,GANGLTR,WWH,29
2023,10,INVSTG,API,5
2023,10,INVSTG,BLK,2039
2023,10,INVSTG,I,3
2023,10,INVSTG,P,1
2023,10,INVSTG,WHI,1
2023,10,INVSTG,WHT,98
2023,10,INVSTG,WWH,1663
2023,11,GANGLTR,BLK,266
2023,11,GANGLTR,WHT,3
2023,11,GANGLTR,WWH,10
2023,11,INVSTG,API,24
2023,11,INVSTG,BLK,5189
2023,11,INVSTG,I,5
2023,11,INVSTG,P,3
2023,11,INVSTG,WBH,1
2023,11,INVSTG,WHI,20
2023,11,INVSTG,WHT,452
2023,11,INVSTG,WWH,748
2023,11,PRO,BLK,1
2023,12,GANGLTR,BLK,9
2023,12,GANGLTR,WHT,1
2023,12,GANGLTR,WWH,34
2023,12,INVSTG,API,14
2023,12,INVSTG,BLK,1749
2023,12,INVSTG,I,3
2023,12,INVSTG,P,4
2023,12,INVSTG,WHI,1
2023,12,INVSTG,WHT,172
2023,12,INVSTG,WWH,1296
2023,14,GANGLTR,WWH,5
2023,14,INVSTG,API,12
2023,14,INVSTG,BLK,992
2023,14,INVSTG,I,5
2023,14,INVSTG,P,9
2023,14,INVSTG,WBH,1
2023,14,INVSTG,WHT,260
2023,14,INVSTG,WWH,1265
2023,15,GANGLTR,BLK,233
2023,15,GANGLTR,WWH,1
2023,15,INVSTG,API,14
2023,15,INVSTG,BLK,2463
2023,15,INVSTG,I,1
2023,15,INVSTG,P,2
2023,15,INVSTG,WBH,1
2023,15,INVSTG,WHT,44
2023,15,INVSTG,WWH,192
2023,16,INVSTG,API,46
2023,16,INVSTG,BLK,630
2023,16,INVSTG,I,3
2023,16,INVSTG,P,37
2023,16,INVSTG,WHI,5
2023,16,INVSTG,WHT,934
2023,16,INVSTG,WWH,977
2023,16,PRO,API,1
2023,17,INVSTG,API,80
2023,17,INVSTG,BLK,533
2023,17,INVSTG,I,3
2023,17,INVSTG,P,14
2023,17,INVSTG,WHI,1
2023,17,INVSTG,WHT,375
2023,17,INVSTG,WWH,1692
2023,18,GANGLTR,API,1
2023,18,GANGLTR,BLK,164
2023,18,GANGLTR,WHT,44
2023,18,GANGLTR,WWH,14
2023,18,INVSTG,API,49
2023,18,INVSTG,BLK,2661
2023,18,INVSTG,I,2
2023,18,INVSTG,P,7
2023,18,INVSTG,WHT,374
2023,18,INVSTG,WWH,601
2023,18,PRO,WWH,1
2023,19,GANGLTR,API,2
2023,19,GANGLTR,BLK,90
2023,19,INVSTG,API,77
2023,19,INVSTG,BLK,1223
2023,19,INVSTG,I,16
2023,19,INVSTG,P,10
2023,19,INVSTG,WHI,3
2023,19,INVSTG,WHT,446
2023,19,INVSTG,WWH,931
2023,19,PRO,BLK,1
2023,20,GANGLTR,API,1
2023,20,GANGLTR,BLK,33
2023,20,GANGLTR,WHT,4
2023,20,GANGLTR,WWH,11
2023,20,INVSTG,API,138
2023,20,INVSTG,BLK,1014
2023,20,INVSTG,I,22
2023,20,INVSTG,P,12
2023,20,INVSTG,WHI,1
2023,20,INVSTG,WHT,611
2023,20,INVSTG,WWH,831
2023,22,INVSTG,API,16
2023,22,INVSTG,BLK,1979
2023,22,INVSTG,I,1
2023,22,INVSTG,P,1
2023,22,INVSTG,WHT,101
2023,22,INVSTG,WWH,92
2023,24,GANGLTR,API,2
2023,24,GANGLTR,BLK,76
2023,24,GANGLTR,WHT,11
2023,24,GANGLTR,WWH,3
2023,24,INVSTG,API,130
2023,24,INVSTG,BLK,1440
2023,24,INVSTG,I,6
2023,24,INVSTG,P,2
2023,24,INVSTG,WHI,1
2023,24,INVSTG,WHT,299
2023,24,INVSTG,WWH,803
2023,25,GANGLTR,BLK,34
2023,25,GANGLTR,WWH,1
2023,25,INVSTG,API,7
2023,25,INVSTG,BLK,1371
2023,25,INVSTG,I,5
2023,25,INVSTG,P,5
2023,25,INVSTG,WHT,225
2023,25,INVSTG,WWH,2234
2023,31,INVSTG,BLK,113
2023,31,INVSTG,P,1
2023,31,INVSTG,WBH,1
2023,31,INVSTG,WHT,22
2023,31,INVSTG,WWH,64
2023,41,INVSTG,BLK,7
2023,41,INVSTG,WHT,2
2023,61,INVSTG,BLK,2
